team_id,team_name,season,league_id,team_form,games_played_home,games_played_away,wins_home,losses_home,draws_home,wins_away,losses_away,draws_away,stadium_capacity,team_country,goals_scored_0_15,goals_scored_16_30,goals_scored_31_45,goals_scored_46_60,goals_scored_61_75,goals_scored_76_90,goals_scored_91_105,goals_scored_106_120,goals_conceded_0_15,goals_conceded_16_30,goals_conceded_31_45,goals_conceded_46_60,goals_conceded_61_75,goals_conceded_76_90,goals_conceded_91_105,goals_conceded_106_120,clean_sheets,failed_to_score,penalty_success_rate,over_0_5,under_0_5,over_1_5,under_1_5,over_2_5,under_2_5,over_3_5,under_3_5,over_4_5,under_4_5,yellow_cards_0_15,yellow_cards_16_30,yellow_cards_31_45,yellow_cards_46_60,yellow_cards_61_75,yellow_cards_76_90,yellow_cards_91_105,yellow_cards_106_120,red_cards_0_15,red_cards_16_30,red_cards_31_45,red_cards_46_60,red_cards_61_75,red_cards_76_90,red_cards_91_105,red_cards_106_120
65,Nottingham Forest,2020,39,,0,0,0,0,0,0,0,0,30576,England,,,,,,,,,,,,,,,,,0,0,0.0,0,0,0,0,0,0,0,0,0,0,,,,,,,,,,,,,,,,
46,Leicester,2020,39,WWWLLWWWLLWWLWDDWWWDLWDWWLDWWLLWWDLWLL,19,19,9,9,1,11,3,5,34310,England,6.0,11.0,10.0,7.0,10.0,19.0,3.0,,8.0,7.0,7.0,10.0,9.0,9.0,2.0,,11,6,100.0,32,6,22,16,8,30,4,34,2,36,2.0,5.0,16.0,9.0,12.0,15.0,2.0,,,,,,,,,
63,Leeds,2020,39,LWWDLWLLDWLLWLWWLLWWLWLLWLLDWWWDDLWWWW,19,19,8,6,5,10,9,0,40204,England,9.0,5.0,11.0,11.0,11.0,13.0,2.0,,11.0,13.0,9.0,5.0,8.0,6.0,2.0,,12,10,100.0,28,10,18,20,10,28,4,34,2,36,6.0,4.0,10.0,7.0,15.0,18.0,1.0,,,,1.0,,,,,
52,Crystal Palace,2020,39,WWLLDWLWLLWDDLLDWDLLWWLLWDDLWDLLLWLWLL,19,19,6,8,5,6,10,3,26309,England,9.0,6.0,3.0,6.0,6.0,7.0,2.0,,12.0,11.0,7.0,14.0,7.0,14.0,3.0,,8,14,100.0,24,14,10,28,4,34,2,36,1,37,1.0,6.0,11.0,10.0,9.0,19.0,,,,,,,1.0,1.0,,
34,Newcastle,2020,39,WLDWLDWLLWWLDLDLLLLLWLWLLDDDLDWWDLWLWW,19,19,6,8,5,6,9,4,52758,England,4.0,7.0,4.0,8.0,8.0,12.0,4.0,,8.0,9.0,8.0,9.0,13.0,12.0,2.0,,7,12,100.0,26,12,14,24,5,33,1,37,0,38,6.0,7.0,16.0,11.0,10.0,15.0,,,,,1.0,1.0,,1.0,,
41,Southampton,2020,39,LLWWDWWWDLWWDLDDWLLLLLLDLLWLLWLLDLWWLL,19,19,8,8,3,4,11,4,32689,England,4.0,11.0,14.0,8.0,5.0,5.0,1.0,,7.0,10.0,9.0,14.0,13.0,8.0,6.0,,9,13,100.0,25,13,15,23,6,32,1,37,0,38,3.0,5.0,11.0,11.0,8.0,14.0,,,2.0,,,,,1.0,,
35,Bournemouth,2020,39,,0,0,0,0,0,0,0,0,12000,England,,,,,,,,,,,,,,,,,0,0,0.0,0,0,0,0,0,0,0,0,0,0,,,,,,,,,,,,,,,,
47,Tottenham,2020,39,LWDWDWWWWDWDLLDWDWLLLWLLWWWLWDLDWWLWLW,19,19,10,6,3,8,6,5,62850,England,12.0,12.0,11.0,13.0,11.0,9.0,1.0,,3.0,8.0,5.0,11.0,5.0,9.0,3.0,,12,6,100.0,32,6,18,20,9,29,6,32,2,36,2.0,2.0,14.0,6.0,12.0,21.0,,,,,,,,2.0,,
60,West Brom,2020,39,LLDLDDLLLWLLDLDLLWLLDLLDDWLDLWWLDDLLLL,19,19,3,10,6,2,12,5,28003,England,9.0,5.0,4.0,8.0,6.0,3.0,1.0,,6.0,12.0,15.0,16.0,12.0,11.0,3.0,,6,16,100.0,22,16,7,31,4,34,1,37,1,37,3.0,3.0,7.0,7.0,10.0,21.0,,,,1.0,3.0,,,,,
33,Manchester United,2020,39,LWLWDLWWWWDWWDWWWDWLDWDDWDDWWWWWDWLLDW,19,19,9,6,4,12,0,7,76212,England,9.0,10.0,7.0,11.0,15.0,12.0,8.0,,8.0,5.0,12.0,8.0,5.0,5.0,2.0,,13,8,100.0,30,8,20,18,13,25,3,35,2,36,1.0,5.0,11.0,17.0,10.0,20.0,,,,1.0,,,,,,
62,Sheffield Utd,2020,39,LLLLDLLLLLLLLDLLLWLWLWLLLLWLLLLLWLLWLW,19,19,5,13,1,2,16,1,32702,England,4.0,5.0,,4.0,5.0,4.0,,,8.0,4.0,13.0,10.0,13.0,12.0,1.0,,5,21,100.0,17,21,3,35,0,38,0,38,0,38,4.0,10.0,16.0,4.0,10.0,29.0,,,1.0,,1.0,1.0,,,,
44,Burnley,2020,39,LLLDLLDWLDWDWLWLLWWLLDWDDLDDWLLLWLWLLL,19,19,4,9,6,6,10,3,22546,England,9.0,5.0,6.0,7.0,2.0,4.0,,,10.0,6.0,11.0,7.0,11.0,9.0,1.0,,11,17,100.0,21,17,8,30,3,35,1,37,0,38,2.0,4.0,12.0,5.0,6.0,19.0,,,,,,,,,,
50,Manchester City,2020,39,WLDWDWDLWWDDWWWWWWWWWWWWWWWLWWWLWWLWLW,19,19,13,4,2,14,2,3,55097,England,12.0,16.0,13.0,18.0,11.0,11.0,2.0,,5.0,3.0,4.0,7.0,6.0,4.0,3.0,,19,3,100.0,35,3,23,15,13,25,8,30,4,34,2.0,2.0,9.0,3.0,9.0,21.0,,,1.0,,1.0,,,,,
39,Wolves,2020,39,WLLWWDWLDWLLWLDLDLLDLWDWWDLDLLWWLDWLLL,19,19,7,8,4,5,9,5,34624,England,4.0,4.0,6.0,6.0,8.0,7.0,2.0,,10.0,6.0,7.0,13.0,5.0,5.0,5.0,,10,13,100.0,25,13,10,28,1,37,0,38,0,38,1.0,1.0,10.0,11.0,8.0,22.0,2.0,,,,,,,1.0,,
48,West Ham,2020,39,LLWWDDLWWWLWDLDDWWWWLWDWWLWLDWWLLWLDWW,19,19,10,5,4,9,6,4,62500,England,9.0,11.0,11.0,13.0,4.0,12.0,4.0,,5.0,7.0,6.0,4.0,9.0,12.0,2.0,,11,7,66.67,31,7,19,19,11,27,1,37,0,38,5.0,3.0,3.0,9.0,12.0,18.0,,,,,1.0,,,2.0,,
51,Brighton,2020,39,LWLLDDLDWDLLDDDLDLWDWWDDLLLWWLDDLWLDWL,19,19,4,6,9,5,9,5,31872,England,8.0,4.0,6.0,10.0,4.0,6.0,3.0,,3.0,8.0,6.0,11.0,7.0,8.0,2.0,,12,12,100.0,26,12,10,28,4,34,0,38,0,38,1.0,6.0,8.0,5.0,9.0,18.0,2.0,,,,,1.0,,5.0,,
55,Brentford,2020,39,,0,0,0,0,0,0,0,0,17250,England,,,,,,,,,,,,,,,,,0,0,0.0,0,0,0,0,0,0,0,0,0,0,,,,,,,,,,,,,,,,
45,Everton,2020,39,WWWWDLLLWLDWWWWLWDLWDLLWWWLLDDDWLWDLWL,19,19,6,9,4,11,4,4,40569,England,6.0,9.0,10.0,9.0,6.0,4.0,2.0,,10.0,7.0,6.0,5.0,10.0,8.0,3.0,,12,10,80.0,28,10,12,26,4,34,2,36,1,37,2.0,6.0,9.0,9.0,11.0,22.0,,,,,,,1.0,1.0,,
66,Aston Villa,2020,39,WWWWLLWLLWDWWDLLWLWLWDLWLDDLWLLDWLDLWW,19,19,7,8,4,9,7,3,42788,England,12.0,4.0,8.0,8.0,8.0,8.0,5.0,,3.0,10.0,7.0,11.0,6.0,9.0,2.0,,15,8,100.0,30,8,14,24,7,31,1,37,1,37,3.0,5.0,14.0,9.0,14.0,25.0,1.0,,,,1.0,1.0,,2.0,,
42,Arsenal,2020,39,WWLWLLWLDLLLDLWWWDWWDLLWLWDWDLWDLWWWWW,19,19,8,7,4,10,6,3,60383,England,5.0,9.0,12.0,12.0,10.0,6.0,3.0,,6.0,5.0,8.0,5.0,8.0,5.0,,,12,12,100.0,26,12,16,22,11,27,2,36,0,38,2.0,6.0,7.0,6.0,11.0,17.0,,,,,1.0,2.0,2.0,,,
36,Fulham,2020,39,LLLLDLWLLWLDDDDDLLDDLDWDWDLWLLLLDLLLDL,19,19,2,13,4,3,7,9,25700,England,3.0,5.0,4.0,3.0,8.0,3.0,1.0,,9.0,8.0,6.0,14.0,4.0,9.0,3.0,,9,18,100.0,20,18,6,32,1,37,0,38,0,38,2.0,11.0,7.0,12.0,10.0,24.0,1.0,,,,1.0,,1.0,1.0,,
1359,Luton,2020,39,,0,0,0,0,0,0,0,0,11500,England,,,,,,,,,,,,,,,,,0,0,0.0,0,0,0,0,0,0,0,0,0,0,,,,,,,,,,,,,,,,
40,Liverpool,2020,39,WWWLDWWDWDWDWWDDLDLWWLLLLWLLWWWDDWWWWW,19,19,10,6,3,10,3,6,55212,England,6.0,4.0,14.0,15.0,11.0,13.0,2.0,,8.0,6.0,7.0,4.0,6.0,12.0,2.0,,12,8,100.0,30,8,21,17,10,28,4,34,1,37,6.0,2.0,9.0,4.0,10.0,9.0,,,,,,,,,,
40,Liverpool,2021,39,WWDWWDDWWDLWWWWWWDLDWWWWWWWWWWDWWWDWWW,19,19,15,0,4,13,2,4,55212,England,13.0,16.0,14.0,12.0,18.0,18.0,4.0,,6.0,2.0,4.0,5.0,6.0,2.0,,,21,1,100.0,37,1,30,8,16,22,7,31,3,35,4.0,4.0,5.0,7.0,12.0,14.0,4.0,,,,,,,1.0,,
49,Chelsea,2020,39,WLDWDDWWWDWLLWLDLWLDWWWWDDWWDLWDWWWLWL,19,19,9,4,6,10,5,4,41841,England,5.0,8.0,8.0,10.0,12.0,10.0,4.0,,5.0,6.0,9.0,9.0,4.0,1.0,3.0,,18,10,100.0,28,10,18,20,9,29,3,35,0,38,2.0,4.0,10.0,9.0,11.0,13.0,2.0,,,1.0,1.0,,,1.0,,
66,Aston Villa,2021,39,LWDLWWLLLLLWWLWLWLLDWDLLWWWLLLLDWWLDDL,19,19,6,8,5,7,11,1,42788,England,5.0,5.0,9.0,9.0,12.0,10.0,2.0,,11.0,5.0,7.0,6.0,9.0,11.0,5.0,,11,8,100.0,30,8,16,22,5,33,1,37,0,38,5.0,12.0,10.0,11.0,19.0,15.0,9.0,,,,,1.0,,1.0,,
35,Bournemouth,2021,39,,0,0,0,0,0,0,0,0,12000,England,,,,,,,,,,,,,,,,,0,0,0.0,0,0,0,0,0,0,0,0,0,0,,,,,,,,,,,,,,,,
49,Chelsea,2021,39,WWDWWLWWWWDWDWLWDDWDDLDWWWWWLWLWDLDWDW,19,19,9,3,7,12,3,4,41841,England,10.0,12.0,12.0,20.0,6.0,10.0,6.0,,3.0,3.0,2.0,10.0,6.0,6.0,3.0,,16,4,100.0,34,4,21,17,13,25,3,35,2,36,1.0,8.0,9.0,14.0,9.0,15.0,7.0,,,,,1.0,,,,
51,Brighton,2021,39,WWLWWDDDLDDLDDDLWDWDDDWLLLLLLDWWLDWWDW,19,19,5,7,7,7,4,8,31872,England,4.0,4.0,7.0,7.0,5.0,9.0,4.0,,6.0,8.0,6.0,10.0,7.0,6.0,3.0,,11,13,100.0,25,13,12,26,4,34,1,37,0,38,2.0,8.0,4.0,12.0,17.0,19.0,11.0,,,,,1.0,,,1.0,
1359,Luton,2021,39,,0,0,0,0,0,0,0,0,11500,England,,,,,,,,,,,,,,,,,0,0,0.0,0,0,0,0,0,0,0,0,0,0,,,,,,,,,,,,,,,,
60,West Brom,2021,39,,0,0,0,0,0,0,0,0,28003,England,,,,,,,,,,,,,,,,,0,0,0.0,0,0,0,0,0,0,0,0,0,0,,,,,,,,,,,,,,,,
36,Fulham,2021,39,,0,0,0,0,0,0,0,0,25700,England,,,,,,,,,,,,,,,,,0,0,0.0,0,0,0,0,0,0,0,0,0,0,,,,,,,,,,,,,,,,
71,Norwich,2021,39,LLLLLLDDLLWWDDLLLLLLWWDLLLLLLDWLLLLLDL,19,19,3,13,3,2,13,4,27606,England,5.0,2.0,3.0,5.0,3.0,3.0,2.0,,11.0,8.0,14.0,13.0,19.0,14.0,5.0,,6,22,100.0,16,22,6,32,1,37,0,38,0,38,3.0,8.0,8.0,15.0,9.0,10.0,4.0,,,,,,1.0,,,
33,Manchester United,2021,39,WDWWWLDLLWLLDWWWDWLDWWDDWWDLWDLWLLDWLL,19,19,10,4,5,6,8,5,76212,England,6.0,6.0,9.0,11.0,14.0,10.0,3.0,,8.0,6.0,8.0,15.0,6.0,8.0,4.0,,8,9,100.0,29,9,14,24,10,28,3,35,1,37,1.0,5.0,11.0,20.0,9.0,22.0,9.0,,,,,1.0,1.0,,,
34,Newcastle,2021,39,LLDLDDLLDLDDLDWLLLDDWWWDWWWLLLWWWWLLWW,19,19,8,5,6,5,10,4,52758,England,7.0,3.0,14.0,8.0,7.0,2.0,2.0,,3.0,12.0,6.0,12.0,13.0,13.0,4.0,,8,9,100.0,29,9,12,26,3,35,0,38,0,38,3.0,7.0,14.0,21.0,13.0,13.0,10.0,,1.0,,,,,1.0,,
46,Leicester,2021,39,WLWLLDDWWLDLWDLWLWLDLDLWWLWDWLDDLLWWDW,19,19,10,5,4,4,9,6,34310,England,7.0,8.0,13.0,10.0,11.0,11.0,3.0,,10.0,12.0,7.0,6.0,9.0,9.0,5.0,,7,6,100.0,32,6,17,21,7,31,5,33,1,37,3.0,6.0,6.0,9.0,16.0,6.0,9.0,,,,1.0,,,,,
47,Tottenham,2021,39,WWWLLLWWLLDWWWDWDWWLLLWLWWLWWWWLDWDWWW,19,19,13,5,1,9,6,4,62850,England,7.0,9.0,11.0,14.0,12.0,7.0,4.0,,7.0,6.0,8.0,4.0,8.0,8.0,4.0,,16,10,100.0,28,10,20,18,13,25,5,33,3,35,1.0,11.0,7.0,14.0,14.0,11.0,11.0,,,,,1.0,,,,
62,Sheffield Utd,2021,39,,0,0,0,0,0,0,0,0,32702,England,,,,,,,,,,,,,,,,,0,0,0.0,0,0,0,0,0,0,0,0,0,0,,,,,,,,,,,,,,,,
38,Watford,2021,39,WLLLWDLLWLLWLLLLLLDLDLLWLDLLWLLLLLLDLL,19,19,2,15,2,4,12,3,22200,England,6.0,7.0,4.0,1.0,6.0,8.0,4.0,,11.0,14.0,12.0,11.0,9.0,11.0,7.0,,4,18,100.0,20,18,7,31,4,34,2,36,1,37,3.0,6.0,10.0,14.0,9.0,16.0,5.0,,,,,,1.0,2.0,,
42,Arsenal,2021,39,LLLWWWDDWWWLWLLWWWWLDWWWWWLWLLLWWWWLLW,19,19,13,4,2,9,9,1,60383,England,11.0,13.0,7.0,15.0,5.0,7.0,3.0,,5.0,6.0,9.0,8.0,9.0,7.0,4.0,,13,11,100.0,27,11,19,19,9,29,4,34,2,36,2.0,7.0,8.0,14.0,15.0,12.0,8.0,,,,2.0,1.0,1.0,,,
48,West Ham,2021,39,WWDDLWLWWWWLLDWDLLWWWLLWDDWLWLWLDLLWDL,19,19,9,5,5,7,9,3,62500,England,5.0,9.0,11.0,10.0,13.0,9.0,3.0,,5.0,5.0,10.0,11.0,6.0,11.0,3.0,,8,8,100.0,30,8,17,21,8,30,5,33,0,38,2.0,6.0,10.0,6.0,9.0,9.0,9.0,,,,,,1.0,1.0,1.0,
44,Burnley,2021,39,LLDLLDDLDWDDDLDLLDDDLWWDLLLLWLDWWWLLDL,19,19,5,8,6,2,9,8,22546,England,6.0,4.0,8.0,6.0,5.0,4.0,1.0,,8.0,6.0,11.0,10.0,7.0,9.0,2.0,,9,16,100.0,22,16,8,30,4,34,0,38,0,38,7.0,14.0,6.0,11.0,14.0,13.0,3.0,,,,,,,,2.0,
50,Manchester City,2021,39,LWWWDWDWWLWWWWWWWWWWWWDWWLWWDWDWWWWWDW,19,19,15,2,2,14,1,4,55097,England,16.0,13.0,14.0,12.0,18.0,17.0,6.0,,7.0,3.0,3.0,7.0,4.0,3.0,2.0,,21,4,100.0,34,4,27,11,16,22,12,26,7,31,1.0,7.0,7.0,9.0,5.0,6.0,7.0,,,,,1.0,,,,
41,Southampton,2021,39,LDDDDLLWDWWLLDDLDWDWLDWDWWLLLDLWLDLLLL,19,19,6,6,7,3,10,6,32689,England,8.0,7.0,8.0,8.0,5.0,6.0,1.0,,12.0,10.0,10.0,15.0,8.0,7.0,5.0,,8,9,100.0,29,9,10,28,3,35,1,37,0,38,3.0,4.0,4.0,11.0,16.0,16.0,11.0,,,,1.0,,,1.0,,
45,Everton,2021,39,WDWWLWDLLLDLLLWLDLLLLWLLLLWLLWDLWWDLWL,19,19,9,8,2,2,13,4,40569,England,5.0,7.0,5.0,11.0,9.0,7.0,3.0,,6.0,9.0,10.0,13.0,11.0,11.0,2.0,,8,12,100.0,26,12,13,25,4,34,0,38,0,38,4.0,8.0,10.0,12.0,19.0,20.0,9.0,,,1.0,,,1.0,3.0,1.0,
34,Newcastle,2022,39,WDDDLDDWWDWWWWWWDDWDDDLLWWWWWLWWWLDWDD,19,19,11,2,6,8,3,8,52758,England,10.0,9.0,9.0,13.0,11.0,11.0,3.0,,6.0,4.0,4.0,6.0,7.0,7.0,1.0,,14,11,100.0,27,11,18,20,11,27,8,30,3,35,3.0,8.0,7.0,13.0,9.0,8.0,11.0,,,1.0,,,,,,
39,Wolves,2021,39,LLLWLWWWDWLWDDLLWDWWWLWWLLLWWLWLLLDLDL,19,19,7,9,3,8,8,3,34624,England,8.0,5.0,2.0,8.0,2.0,7.0,4.0,,2.0,7.0,8.0,5.0,11.0,9.0,3.0,,11,16,100.0,22,16,12,26,3,35,1,37,0,38,3.0,5.0,9.0,17.0,8.0,11.0,10.0,,,,,2.0,,,,
33,Manchester United,2022,39,LLWWWWLWDWDWLWWWWWDLWDWWLDLWWWDWLLWWWW,19,19,15,1,3,8,8,3,76212,England,6.0,8.0,10.0,10.0,9.0,10.0,4.0,,6.0,6.0,7.0,7.0,7.0,9.0,2.0,,17,7,100.0,31,7,20,18,6,32,1,37,0,38,4.0,8.0,8.0,13.0,16.0,18.0,11.0,,,,1.0,,1.0,,,
63,Leeds,2021,39,LDDLDLWLDWDLDWDLLLWWLDLLLLLLWWDWDLLLDW,19,19,4,9,6,5,9,5,40204,England,4.0,7.0,4.0,8.0,8.0,4.0,8.0,,11.0,13.0,9.0,18.0,11.0,11.0,5.0,,5,13,100.0,25,13,12,26,5,33,0,38,0,38,5.0,10.0,12.0,18.0,21.0,22.0,12.0,,,2.0,,1.0,,,,
52,Crystal Palace,2021,39,LDDWLDDDDWWDLLLWDLWLDLDDLWDWDWLLDWWDLW,19,19,7,4,8,4,8,7,26309,England,6.0,4.0,10.0,8.0,10.0,10.0,4.0,,5.0,6.0,13.0,4.0,6.0,7.0,3.0,,12,11,100.0,27,11,16,22,6,32,1,37,0,38,2.0,9.0,16.0,10.0,10.0,17.0,5.0,,,,1.0,,,,,
65,Nottingham Forest,2021,39,,0,0,0,0,0,0,0,0,30576,England,,,,,,,,,,,,,,,,,0,0,0.0,0,0,0,0,0,0,0,0,0,0,,,,,,,,,,,,,,,,
55,Brentford,2021,39,WDDLWDWLLLLDWLDWLLWLLLLLDLLWWLWWWDLWWL,19,19,7,9,3,6,9,4,17250,England,6.0,6.0,5.0,9.0,7.0,10.0,5.0,,8.0,6.0,13.0,9.0,11.0,6.0,3.0,,9,12,100.0,26,12,15,23,6,32,1,37,0,38,3.0,6.0,10.0,11.0,12.0,20.0,3.0,,1.0,,,,1.0,1.0,,
50,Manchester City,2022,39,WWDWWDWWWLWWWLWDWLWWLWWDWWWWWWWWWWWWDL,19,19,17,1,1,11,4,4,55097,England,13.0,14.0,17.0,21.0,20.0,6.0,2.0,,2.0,5.0,4.0,5.0,6.0,10.0,2.0,,13,3,100.0,35,3,25,13,20,18,10,28,2,36,1.0,5.0,9.0,10.0,7.0,6.0,6.0,,,1.0,,,,,,
55,Brentford,2022,39,DWLDDWLDLWDLDDWDWWWDWDDWLWDDLLLDWWLWWW,19,19,10,2,7,5,7,7,17250,England,4.0,8.0,11.0,10.0,8.0,12.0,6.0,,7.0,12.0,3.0,11.0,6.0,5.0,1.0,,12,9,100.0,29,9,19,19,7,31,2,36,1,37,3.0,3.0,2.0,11.0,15.0,12.0,11.0,,,,,,,,1.0,
52,Crystal Palace,2022,39,LDWLDDLWDWLWWLLWLLDDLDDDLLLLWWWDLWLWDD,19,19,7,5,7,4,10,5,26309,England,4.0,6.0,6.0,8.0,9.0,5.0,3.0,,7.0,4.0,7.0,9.0,13.0,6.0,2.0,,9,16,100.0,22,16,12,26,3,35,2,36,1,37,6.0,9.0,8.0,12.0,17.0,19.0,12.0,,,,1.0,1.0,1.0,,,
42,Arsenal,2022,39,WWWWWLWWWWDWWWWWDWWLDLWWWWWWWDDDLWWLLW,19,19,14,2,3,12,4,3,60383,England,12.0,15.0,10.0,22.0,13.0,11.0,2.0,,6.0,4.0,6.0,9.0,12.0,6.0,3.0,,14,4,100.0,34,4,26,12,18,20,8,30,2,36,,4.0,11.0,16.0,4.0,11.0,5.0,,,,,,,,,
66,Aston Villa,2022,39,LWLLLDWDDLLWLWWLWDWWLLLWWDWWWWWDWLLWDW,19,19,12,5,2,6,8,5,42788,England,13.0,8.0,4.0,7.0,8.0,11.0,2.0,,10.0,4.0,8.0,7.0,7.0,7.0,1.0,,12,8,100.0,30,8,16,22,4,34,1,37,0,38,3.0,8.0,10.0,13.0,16.0,17.0,13.0,,,,,,1.0,,,
71,Norwich,2022,39,,0,0,0,0,0,0,0,0,27606,England,,,,,,,,,,,,,,,,,0,0,0.0,0,0,0,0,0,0,0,0,0,0,,,,,,,,,,,,,,,,
39,Wolves,2022,39,LDLDDWLLLWLLDLLWLDWLWWLDLWLLDWWLWLWLDL,19,19,9,7,3,2,12,5,34624,England,6.0,3.0,5.0,4.0,6.0,3.0,2.0,,11.0,8.0,6.0,12.0,11.0,9.0,3.0,,11,15,100.0,23,15,7,31,1,37,0,38,0,38,7.0,10.0,14.0,13.0,13.0,17.0,11.0,,,1.0,1.0,1.0,,1.0,1.0,
47,Tottenham,2022,39,WDWWDWWLWWLLWLWDLWLLWWLWWLWDDWLLDLWLLW,19,19,12,6,1,6,8,5,62850,England,9.0,5.0,6.0,16.0,17.0,12.0,4.0,,13.0,7.0,10.0,12.0,9.0,10.0,3.0,,10,4,100.0,34,4,20,18,9,29,5,33,1,37,3.0,11.0,11.0,13.0,16.0,13.0,9.0,,,,,,1.0,2.0,,
63,Leeds,2022,39,WDWLDLDLLLLWWLLDDLDLDLLWLDWLWLLLDLLDLL,19,19,5,7,7,2,14,3,40204,England,7.0,8.0,5.0,8.0,6.0,10.0,2.0,,7.0,10.0,9.0,17.0,20.0,13.0,4.0,,5,10,100.0,28,10,14,24,4,34,2,36,0,38,5.0,5.0,18.0,18.0,13.0,15.0,14.0,,,,,1.0,,1.0,1.0,
49,Chelsea,2022,39,WDLWLWWWWDDLLLWDLLWDDDLLWWDLDLLLLWDLLD,19,19,6,6,7,5,10,4,41841,England,5.0,6.0,3.0,11.0,4.0,11.0,,,6.0,7.0,7.0,5.0,13.0,4.0,3.0,,10,14,100.0,24,14,11,27,3,35,0,38,0,38,6.0,7.0,10.0,15.0,17.0,18.0,8.0,,,1.0,,1.0,,1.0,,
44,Burnley,2022,39,,0,0,0,0,0,0,0,0,22546,England,,,,,,,,,,,,,,,,,0,0,0.0,0,0,0,0,0,0,0,0,0,0,,,,,,,,,,,,,,,,
1359,Luton,2022,39,,0,0,0,0,0,0,0,0,11500,England,,,,,,,,,,,,,,,,,0,0,0.0,0,0,0,0,0,0,0,0,0,0,,,,,,,,,,,,,,,,
35,Bournemouth,2022,39,WLLLDWDDWDLLLLWLLLLDLDWLLWLWLWWLWWLLLL,19,19,6,9,4,5,12,2,12000,England,4.0,11.0,2.0,10.0,6.0,5.0,2.0,,14.0,10.0,12.0,9.0,8.0,11.0,4.0,,8,18,0.0,20,18,11,27,5,33,1,37,0,38,2.0,4.0,11.0,20.0,16.0,10.0,5.0,,,,,,,,,
38,Watford,2022,39,,0,0,0,0,0,0,0,0,22200,England,,,,,,,,,,,,,,,,,0,0,0.0,0,0,0,0,0,0,0,0,0,0,,,,,,,,,,,,,,,,
63,Leeds,2023,39,,0,0,0,0,0,0,0,0,40204,England,,,,,,,,,,,,,,,,,0,0,0.0,0,0,0,0,0,0,0,0,0,0,,,,,,,,,,,,,,,,
60,West Brom,2022,39,,0,0,0,0,0,0,0,0,28003,England,,,,,,,,,,,,,,,,,0,0,0.0,0,0,0,0,0,0,0,0,0,0,,,,,,,,,,,,,,,,
40,Liverpool,2022,39,DDLWWDDLWWLLWWWWLLDLWWDWWLLDDWWWWWWWDD,19,19,13,1,5,6,8,5,55212,England,14.0,7.0,15.0,9.0,14.0,12.0,2.0,,8.0,8.0,7.0,12.0,7.0,6.0,1.0,,14,8,100.0,30,8,20,18,10,28,5,33,3,35,4.0,8.0,7.0,9.0,12.0,13.0,4.0,,,,,1.0,,,,
46,Leicester,2022,39,DLLLLLLWLDWWLWWLLLLDWWLLLLDLLLLWDDLLDW,19,19,5,10,4,4,12,3,34310,England,8.0,6.0,16.0,8.0,8.0,8.0,,,12.0,11.0,8.0,11.0,12.0,9.0,2.0,,7,12,100.0,26,12,16,22,5,33,4,34,0,38,2.0,6.0,5.0,16.0,13.0,16.0,5.0,,,,,,1.0,1.0,,
51,Brighton,2022,39,WDWWLWDLLDLWWLWLWWDWDLWDWDWLWLWWLWLWDL,19,19,10,5,4,8,7,4,31872,England,10.0,11.0,11.0,14.0,13.0,10.0,5.0,,10.0,8.0,9.0,8.0,7.0,5.0,4.0,,12,5,100.0,33,5,19,19,12,26,5,33,2,36,5.0,4.0,4.0,15.0,10.0,16.0,5.0,,,,,,,,,
62,Sheffield Utd,2022,39,,0,0,0,0,0,0,0,0,32702,England,,,,,,,,,,,,,,,,,0,0,0.0,0,0,0,0,0,0,0,0,0,0,,,,,,,,,,,,,,,,
39,Wolves,2023,39,LLWLLDWDWDLWLLWDLWWWDLWLWWLWLDLDLLWLLL,19,19,8,8,3,5,10,4,34624,England,3.0,5.0,7.0,9.0,11.0,7.0,6.0,,10.0,8.0,11.0,14.0,8.0,9.0,7.0,,5,9,100.0,29,9,15,23,4,34,2,36,0,38,1.0,11.0,15.0,22.0,16.0,19.0,16.0,,,1.0,1.0,,,,2.0,
48,West Ham,2022,39,LLLWDLLWWDLWLLLLLDLWDDLWLDWLWDWLLLWLWL,19,19,8,7,4,3,13,3,62500,England,4.0,8.0,10.0,5.0,9.0,3.0,3.0,,8.0,14.0,6.0,9.0,10.0,7.0,1.0,,9,13,100.0,25,13,10,28,5,33,2,36,0,38,2.0,2.0,4.0,13.0,10.0,6.0,7.0,,,,,,,,,
45,Everton,2022,39,LLDDDDWWLLLWDLLLDLLLWLWLLDWDDLLDLDWLDW,19,19,6,10,3,2,8,9,40569,England,7.0,4.0,2.0,6.0,4.0,6.0,3.0,,2.0,9.0,13.0,13.0,8.0,13.0,1.0,,9,14,100.0,24,14,6,32,2,36,1,37,1,37,3.0,7.0,13.0,14.0,21.0,12.0,10.0,,,,,1.0,,1.0,,
34,Newcastle,2023,39,WLLLWWWDWDWLWWLLWLLLLWDWDLWLWDWWLWWDLW,19,19,12,3,4,6,11,2,52758,England,9.0,11.0,15.0,15.0,14.0,14.0,6.0,,4.0,10.0,5.0,16.0,13.0,12.0,3.0,,10,5,100.0,33,5,22,16,14,24,10,28,3,35,,11.0,7.0,15.0,11.0,18.0,16.0,,,,,,,,1.0,
41,Southampton,2022,39,LDWLWLLLLDWDLLLLLLWLLLWLWDLDLLLDLLLLLD,19,19,2,12,5,4,13,2,32689,England,5.0,6.0,4.0,9.0,9.0,6.0,2.0,,5.0,10.0,13.0,16.0,14.0,8.0,2.0,,4,15,100.0,23,15,8,30,4,34,1,37,0,38,7.0,4.0,14.0,8.0,12.0,13.0,13.0,,,,,,,,,
36,Fulham,2022,39,DDWLWLWLLDWWDLLWWWWLLDWWDLLLLWWLLLWWDL,19,19,8,6,5,7,10,2,25700,England,4.0,12.0,5.0,11.0,12.0,9.0,1.0,,6.0,8.0,10.0,11.0,5.0,10.0,4.0,,9,9,100.0,29,9,17,21,7,31,1,37,1,37,4.0,9.0,9.0,16.0,18.0,14.0,10.0,,1.0,,,,,,,
65,Nottingham Forest,2022,39,LWDLLLLLDLDWLDWLDWWDWLDLDLLDLLLLWLWDWD,19,19,8,5,6,1,13,5,30576,England,5.0,7.0,4.0,7.0,5.0,7.0,1.0,,4.0,13.0,6.0,20.0,9.0,13.0,5.0,,8,12,100.0,26,12,9,29,2,36,1,37,0,38,5.0,12.0,13.0,14.0,9.0,21.0,10.0,,,,,,,,,
51,Brighton,2023,39,WWLWWWLDLDDDWLWDLDWDDLWLWDLWLDLDLLWDLL,19,19,8,5,6,4,9,6,31872,England,5.0,11.0,5.0,9.0,8.0,10.0,4.0,,7.0,12.0,7.0,8.0,16.0,11.0,4.0,,6,10,100.0,28,10,12,26,9,29,5,33,1,37,5.0,8.0,9.0,16.0,19.0,21.0,12.0,,,,,,2.0,1.0,,
62,Sheffield Utd,2023,39,LLLDLLLLLLWDLLLWLDLLDLLWLLLDDLDLLLLLLL,19,19,2,13,4,1,15,3,32702,England,3.0,4.0,6.0,5.0,11.0,5.0,4.0,,11.0,19.0,9.0,18.0,20.0,15.0,9.0,,1,15,100.0,23,15,10,28,2,36,0,38,0,38,2.0,8.0,20.0,15.0,21.0,16.0,18.0,,1.0,,,1.0,,,3.0,
40,Liverpool,2023,39,DWWWWWLDWWDWDWWWDDWWWWLWWWWDWWDLWLDWDW,19,19,15,1,3,9,3,7,55212,England,2.0,10.0,14.0,18.0,11.0,19.0,8.0,,9.0,8.0,5.0,7.0,6.0,8.0,2.0,,10,3,100.0,35,3,27,11,17,21,7,31,0,38,5.0,5.0,8.0,12.0,12.0,15.0,12.0,,,2.0,,1.0,1.0,1.0,,
41,Southampton,2023,39,,0,0,0,0,0,0,0,0,32689,England,,,,,,,,,,,,,,,,,0,0,0.0,0,0,0,0,0,0,0,0,0,0,,,,,,,,,,,,,,,,
45,Everton,2023,39,LLLDLWLWLWDWLWWWWLLLDDDLDDLLLDWLWWWDWL,19,19,8,7,4,5,9,5,40569,England,5.0,7.0,4.0,10.0,4.0,9.0,4.0,,7.0,8.0,7.0,4.0,13.0,5.0,4.0,,13,12,100.0,26,12,10,28,4,34,0,38,0,38,5.0,11.0,13.0,15.0,9.0,15.0,13.0,,,,1.0,,,,,
55,Brentford,2023,39,DWDDLLDLWWWLLWLLLLLWLLWLLLDLLDDDWWLDWL,19,19,5,7,7,5,12,2,17250,England,5.0,10.0,4.0,10.0,12.0,7.0,6.0,,9.0,6.0,8.0,13.0,14.0,13.0,4.0,,7,8,100.0,30,8,17,21,7,31,1,37,1,37,4.0,7.0,13.0,16.0,15.0,19.0,14.0,,1.0,,,,1.0,,,
36,Fulham,2023,39,WLDLWDLWLDLLWLWWLLLWLDDWLWWLWDLLWLDDLW,19,19,9,8,2,4,9,6,25700,England,4.0,9.0,8.0,13.0,13.0,5.0,6.0,,3.0,6.0,7.0,15.0,14.0,7.0,6.0,,10,13,100.0,25,13,15,23,10,28,3,35,2,36,1.0,9.0,7.0,15.0,17.0,21.0,13.0,,,1.0,,,1.0,1.0,1.0,
66,Aston Villa,2023,39,LWWLWWWDWWLWWDWWWDLWDLWLWWWLDWLDWWDLDL,19,19,12,3,4,8,7,4,42788,England,8.0,18.0,7.0,11.0,12.0,16.0,4.0,,7.0,7.0,6.0,18.0,14.0,6.0,3.0,,8,6,100.0,32,6,22,16,14,24,5,33,2,36,5.0,9.0,12.0,17.0,16.0,18.0,17.0,,,,,,1.0,,1.0,
47,Tottenham,2023,39,DWWWWDWWWWLLLDLWWWLWDWDWLWWLWDWLLLLWLW,19,19,13,6,0,7,6,6,62850,England,12.0,7.0,6.0,19.0,11.0,12.0,5.0,,6.0,11.0,9.0,12.0,10.0,5.0,10.0,,7,4,100.0,34,4,27,11,9,29,3,35,1,37,1.0,8.0,14.0,23.0,17.0,16.0,12.0,,,,1.0,2.0,1.0,,,
1359,Luton,2023,39,LLLLDWLLDLDLWLLLWWLDWDLLLLDLDLLWLLLDLL,19,19,4,11,4,2,13,4,11500,England,8.0,5.0,6.0,10.0,7.0,12.0,5.0,,5.0,9.0,11.0,18.0,21.0,16.0,4.0,,2,5,100.0,33,5,12,26,5,33,2,36,0,38,1.0,11.0,15.0,15.0,10.0,13.0,6.0,,,,,,,,,
42,Arsenal,2023,39,WWDWWDWWDWLWWWWLWDLLWWWWWWWWDWWLWWWWWW,19,19,15,2,2,13,3,3,60383,England,10.0,11.0,14.0,16.0,16.0,10.0,10.0,,6.0,6.0,3.0,8.0,2.0,8.0,,,18,5,100.0,33,5,26,12,15,23,9,29,6,32,5.0,2.0,12.0,13.0,11.0,10.0,11.0,,,,,,1.0,1.0,,
46,Leicester,2023,39,,0,0,0,0,0,0,0,0,34310,England,,,,,,,,,,,,,,,,,0,0,0.0,0,0,0,0,0,0,0,0,0,0,,,,,,,,,,,,,,,,
50,Manchester City,2023,39,WWWWWWLLWWWDDDLWDWWWWWWDWWWDDWWWWWWWWW,19,19,14,0,5,14,3,2,55097,England,11.0,14.0,9.0,20.0,20.0,15.0,6.0,,5.0,4.0,7.0,3.0,6.0,7.0,3.0,,13,3,100.0,35,3,28,10,19,19,9,29,4,34,,4.0,9.0,14.0,7.0,12.0,7.0,,,,,1.0,,,1.0,
65,Nottingham Forest,2023,39,LWLWDLDDDLWLLLLDLLWWLLDLWLLLDDWLDLLWLW,19,19,5,9,5,4,11,4,30576,England,11.0,6.0,3.0,15.0,9.0,6.0,1.0,,8.0,9.0,10.0,13.0,12.0,10.0,3.0,,4,10,100.0,28,10,18,20,3,35,0,38,0,38,5.0,9.0,9.0,20.0,8.0,19.0,10.0,,,1.0,,1.0,1.0,,,
44,Burnley,2023,39,LLLDLLWLLLLLLWLDLWLLDLDLLLLDWDDLDWDLLL,19,19,2,13,4,3,11,5,22546,England,6.0,2.0,9.0,7.0,9.0,7.0,3.0,,8.0,13.0,10.0,14.0,12.0,15.0,4.0,,2,12,100.0,26,12,10,28,2,36,2,36,1,37,7.0,9.0,13.0,11.0,16.0,8.0,13.0,,,,2.0,1.0,1.0,1.0,2.0,
52,Crystal Palace,2023,39,WLDWLDWDLLWLLDLLDDLWLWLLDWLDDLLWWWDWWW,19,19,8,7,4,5,8,6,26309,England,9.0,8.0,4.0,13.0,12.0,9.0,3.0,,9.0,5.0,5.0,8.0,8.0,12.0,10.0,,10,7,100.0,31,7,13,25,8,30,3,35,2,36,1.0,9.0,10.0,16.0,12.0,12.0,13.0,,,,,,1.0,1.0,,
48,West Ham,2023,39,DWWWLLWDLLLWWDWLWWWDDDLLLWWDDLDWLLDLWL,19,19,7,4,8,7,10,2,62500,England,7.0,10.0,8.0,12.0,12.0,8.0,5.0,,12.0,8.0,10.0,15.0,8.0,16.0,3.0,,5,8,100.0,30,8,21,17,8,30,1,37,0,38,4.0,7.0,20.0,12.0,10.0,18.0,11.0,,,,,,2.0,,1.0,
71,Norwich,2023,39,,0,0,0,0,0,0,0,0,27606,England,,,,,,,,,,,,,,,,,0,0,0.0,0,0,0,0,0,0,0,0,0,0,,,,,,,,,,,,,,,,
60,West Brom,2023,39,,0,0,0,0,0,0,0,0,28003,England,,,,,,,,,,,,,,,,,0,0,0.0,0,0,0,0,0,0,0,0,0,0,,,,,,,,,,,,,,,,
49,Chelsea,2023,39,DLWLDLWWDLWDLWLLWLWWWLLWDDWDWDWLDWWWWW,19,19,11,4,4,7,7,5,41841,England,10.0,15.0,12.0,9.0,15.0,10.0,8.0,,5.0,7.0,8.0,13.0,10.0,11.0,7.0,,8,6,100.0,32,6,24,14,12,26,6,32,2,36,5.0,8.0,28.0,19.0,12.0,24.0,10.0,,,,1.0,1.0,1.0,1.0,,
33,Manchester United,2023,39,WLWLLWLWWLWWWLWLDLWLDWWWWLLWDLDDWDLLWW,19,19,10,6,3,8,8,3,76212,England,7.0,7.0,8.0,7.0,10.0,14.0,5.0,,6.0,12.0,5.0,9.0,9.0,7.0,9.0,,9,9,100.0,29,9,18,20,8,30,2,36,0,38,4.0,8.0,13.0,12.0,10.0,16.0,19.0,,,,,,,,1.0,
35,Bournemouth,2023,39,DLLDDLLLLWLWWDWWWWLLDDLDLWDWWWLDLWWLLL,19,19,7,6,6,6,10,3,12000,England,8.0,6.0,4.0,12.0,10.0,9.0,4.0,,6.0,8.0,10.0,14.0,11.0,11.0,8.0,,9,7,100.0,31,7,16,22,6,32,1,37,0,38,4.0,11.0,12.0,15.0,14.0,15.0,7.0,,,,,1.0,,2.0,,
38,Watford,2023,39,,0,0,0,0,0,0,0,0,22200,England,,,,,,,,,,,,,,,,,0,0,0.0,0,0,0,0,0,0,0,0,0,0,,,,,,,,,,,,,,,,
