team_id,team_name,season,league_id,team_form,games_played_home,games_played_away,wins_home,losses_home,draws_home,wins_away,losses_away,draws_away,stadium_capacity,team_country,goals_scored_0_15,goals_scored_16_30,goals_scored_31_45,goals_scored_46_60,goals_scored_61_75,goals_scored_76_90,goals_scored_91_105,goals_scored_106_120,goals_conceded_0_15,goals_conceded_16_30,goals_conceded_31_45,goals_conceded_46_60,goals_conceded_61_75,goals_conceded_76_90,goals_conceded_91_105,goals_conceded_106_120,clean_sheets,failed_to_score,penalty_success_rate,over_0_5,under_0_5,over_1_5,under_1_5,over_2_5,under_2_5,over_3_5,under_3_5,over_4_5,under_4_5,yellow_cards_0_15,yellow_cards_16_30,yellow_cards_31_45,yellow_cards_46_60,yellow_cards_61_75,yellow_cards_76_90,yellow_cards_91_105,yellow_cards_106_120,red_cards_0_15,red_cards_16_30,red_cards_31_45,red_cards_46_60,red_cards_61_75,red_cards_76_90,red_cards_91_105,red_cards_106_120,lineups_per_game
39,Wolves,2018,39,DLDWWDWWLLLDLLWWWLDWLLWWWDDLWDLWLDWWWL,19,19,10,5,4,6,8,5,34624,,6,8,4,7,8,12,5,0,5,13,2,4,8,8,3,0,9,11,100.0,27,11,14,24,5,33,1,37,0,38,1,4,15,9,21,22,0,0,0,1,0,0,0,0,0,0,
60,West Brom,2019,39,,0,0,0,0,0,0,0,0,28003,,0,0,0,0,0,0,0,0,0,0,0,0,0,0,0,0,0,0,0.0,0,0,0,0,0,0,0,0,0,0,0,0,0,0,0,0,0,0,0,0,0,0,0,0,0,0,
44,Burnley,2019,39,WLDLDWDWLLLWWLLLWWLLLLWWDWWDDLWWDWDDWL,19,19,8,7,4,7,7,5,22546,,6,1,7,7,9,10,2,0,3,8,13,12,5,8,2,0,15,10,100.0,28,10,11,27,4,34,0,38,0,38,2,6,9,13,16,21,0,0,0,0,0,0,0,0,0,0,
44,Burnley,2020,39,LLLDLLDWLDWDWLWLLWWLLDWDDLDDWLLLWLWLLL,19,19,4,9,6,6,10,3,22546,,9,5,6,7,2,4,0,0,10,6,11,7,11,9,1,0,11,17,100.0,21,17,8,30,3,35,1,37,0,38,2,4,12,5,6,19,0,0,0,0,0,0,0,0,0,0,
48,West Ham,2020,39,LLWWDDLWWWLWDLDDWWWWLWDWWLWLDWWLLWLDWW,19,19,10,5,4,9,6,4,62500,,9,11,11,13,4,12,4,0,5,7,6,4,9,12,2,0,11,7,66.67,31,7,19,19,11,27,1,37,0,38,5,3,3,9,12,18,0,0,0,0,1,0,0,2,0,0,
33,Manchester United,2020,39,LWLWDLWWWWDWWDWWWDWLDWDDWDDWWWWWDWLLDW,19,19,9,6,4,12,0,7,76212,,9,10,7,11,15,12,8,0,8,5,12,8,5,5,2,0,13,8,100.0,30,8,20,18,13,25,3,35,2,36,1,5,11,17,10,20,0,0,0,1,0,0,0,0,0,0,
66,Aston Villa,2020,39,WWWWLLWLLWDWWDLLWLWLWDLWLDDLWLLDWLDLWW,19,19,7,8,4,9,7,3,42788,,12,4,8,8,8,8,5,0,3,10,7,11,6,9,2,0,15,8,100.0,30,8,14,24,7,31,1,37,1,37,3,5,14,9,14,25,1,0,0,0,1,1,0,2,0,0,
39,Wolves,2022,39,LDLDDWLLLWLLDLLWLDWLWWLDLWLLDWWLWLWLDL,19,19,9,7,3,2,12,5,34624,,6,3,5,4,6,3,2,0,11,8,6,12,11,9,3,0,11,15,100.0,23,15,7,31,1,37,0,38,0,38,7,10,14,13,13,17,11,0,0,1,1,1,0,1,1,0,
63,Leeds,2022,39,WDWLDLDLLLLWWLLDDLDLDLLWLDWLWLLLDLLDLL,19,19,5,7,7,2,14,3,40204,,7,8,5,8,6,10,2,0,7,10,9,17,20,13,4,0,5,10,100.0,28,10,14,24,4,34,2,36,0,38,5,5,18,18,13,15,14,0,0,0,0,1,0,1,1,0,
1359,Luton,2018,39,,0,0,0,0,0,0,0,0,11500,,0,0,0,0,0,0,0,0,0,0,0,0,0,0,0,0,0,0,0.0,0,0,0,0,0,0,0,0,0,0,0,0,0,0,0,0,0,0,0,0,0,0,0,0,0,0,
65,Nottingham Forest,2018,39,,0,0,0,0,0,0,0,0,30576,,0,0,0,0,0,0,0,0,0,0,0,0,0,0,0,0,0,0,0.0,0,0,0,0,0,0,0,0,0,0,0,0,0,0,0,0,0,0,0,0,0,0,0,0,0,0,
62,Sheffield Utd,2023,39,LLLDLLLLLLWDLLLWLDLLDLLWLLLDDLDLLLLLLL,19,19,2,13,4,1,15,3,32702,,3,4,6,5,11,5,4,0,11,19,9,18,20,15,9,0,1,15,100.0,23,15,10,28,2,36,0,38,0,38,2,8,20,15,21,16,18,0,1,0,0,1,0,0,3,0,
36,Fulham,2020,39,LLLLDLWLLWLDDDDDLLDDLDWDWDLWLLLLDLLLDL,19,19,2,13,4,3,7,9,25700,,3,5,4,3,8,3,1,0,9,8,6,14,4,9,3,0,9,18,100.0,20,18,6,32,1,37,0,38,0,38,2,11,7,12,10,24,1,0,0,0,1,0,1,1,0,0,
44,Burnley,2021,39,LLDLLDDLDWDDDLDLLDDDLWWDLLLLWLDWWWLLDL,19,19,5,8,6,2,9,8,22546,,6,4,8,6,5,4,1,0,8,6,11,10,7,9,2,0,9,16,100.0,22,16,8,30,4,34,0,38,0,38,7,14,6,11,14,13,3,0,0,0,0,0,0,0,2,0,
1359,Luton,2019,39,,0,0,0,0,0,0,0,0,11500,,0,0,0,0,0,0,0,0,0,0,0,0,0,0,0,0,0,0,0.0,0,0,0,0,0,0,0,0,0,0,0,0,0,0,0,0,0,0,0,0,0,0,0,0,0,0,
60,West Brom,2017,39,WWDLDLDDLLLLDDDLDLLDDLWDLLLLLLLLDWDWWL,19,19,3,7,9,3,12,4,28003,,6,4,1,6,6,8,2,0,3,9,7,7,14,10,4,0,10,13,100.0,25,13,6,32,0,38,0,38,0,38,1,4,11,11,11,35,0,0,0,0,0,0,0,1,0,0,
51,Brighton,2018,39,LWLDDLLWWWLLDWWLLLDWDLLLDLLWWLLLLDLDDL,19,19,6,8,5,3,12,4,31872,,3,8,4,6,9,4,1,0,4,11,11,10,13,9,2,0,7,13,100.0,25,13,8,30,2,36,0,38,0,38,5,4,12,9,15,17,0,0,0,1,1,0,2,0,0,0,
49,Chelsea,2018,39,WWWWWDDWDWWDLWLWWLWWDWLLWLWWDLWWWLDDWD,19,19,12,1,6,9,7,3,41841,,5,10,10,11,8,12,5,0,6,6,4,13,6,5,1,0,16,10,100.0,28,10,22,16,9,29,3,35,1,37,1,5,11,5,11,16,0,0,0,0,0,0,0,0,0,0,
47,Tottenham,2018,39,WWWLLWWWWLWWWLWWWWWLWLWWWWLLDLLWWLWLLD,19,19,12,5,2,11,8,0,62850,,7,15,9,10,12,11,5,0,4,3,3,7,7,10,3,0,13,6,100.0,32,6,19,19,10,28,3,35,2,36,5,6,6,6,11,24,0,0,0,0,1,1,0,1,0,0,
50,Manchester City,2018,39,WWDWWWWDWWWWWWWLWLLWWWWLWWWWWWWWWWWWWW,19,19,18,1,0,14,3,2,55097,,18,14,12,21,15,8,3,0,2,4,7,3,4,7,0,0,20,2,100.0,36,2,27,11,17,21,7,31,5,33,6,5,7,5,7,14,0,0,0,0,0,0,0,1,0,0,
48,West Ham,2018,39,LLLLWDWLLDWDLWWWWLWLDWLLDDWLWLWLLLDWWW,19,19,9,6,4,6,10,3,62500,,7,8,6,7,16,4,4,0,7,10,6,11,5,10,6,0,7,14,100.0,24,14,15,23,10,28,3,35,0,38,1,9,12,11,9,17,0,0,0,0,1,0,0,0,0,0,
40,Liverpool,2018,39,WWWWWWDDWWDWWWWWWWWWLWWDDWDWDWWWWWWWWW,19,19,17,0,2,13,1,5,55212,,8,18,7,16,13,19,5,0,4,3,3,3,6,3,3,0,21,3,100.0,35,3,26,12,16,22,9,29,3,35,1,5,5,5,4,21,0,0,0,0,0,0,0,2,0,0,
57,Ipswich,2018,39,,0,0,0,0,0,0,0,0,30311,,0,0,0,0,0,0,0,0,0,0,0,0,0,0,0,0,0,0,0.0,0,0,0,0,0,0,0,0,0,0,0,0,0,0,0,0,0,0,0,0,0,0,0,0,0,0,
71,Norwich,2017,39,,0,0,0,0,0,0,0,0,27606,,0,0,0,0,0,0,0,0,0,0,0,0,0,0,0,0,0,0,0.0,0,0,0,0,0,0,0,0,0,0,0,0,0,0,0,0,0,0,0,0,0,0,0,0,0,0,
62,Sheffield Utd,2016,39,,0,0,0,0,0,0,0,0,32702,,0,0,0,0,0,0,0,0,0,0,0,0,0,0,0,0,0,0,0.0,0,0,0,0,0,0,0,0,0,0,0,0,0,0,0,0,0,0,0,0,0,0,0,0,0,0,
1359,Luton,2020,39,,0,0,0,0,0,0,0,0,11500,,0,0,0,0,0,0,0,0,0,0,0,0,0,0,0,0,0,0,0.0,0,0,0,0,0,0,0,0,0,0,0,0,0,0,0,0,0,0,0,0,0,0,0,0,0,0,
50,Manchester City,2017,39,WDWWWWWWWWWWWWWWWWWWDWLWWDWWWWWLWWWDWW,19,19,16,1,2,16,1,2,55097,,11,19,12,22,16,20,5,0,4,3,5,4,8,2,2,0,18,2,100.0,36,2,30,8,21,17,10,28,6,32,3,7,10,7,14,22,0,0,0,0,1,0,0,1,0,0,
35,Bournemouth,2020,39,,0,0,0,0,0,0,0,0,12000,,0,0,0,0,0,0,0,0,0,0,0,0,0,0,0,0,0,0,0.0,0,0,0,0,0,0,0,0,0,0,0,0,0,0,0,0,0,0,0,0,0,0,0,0,0,0,
40,Liverpool,2017,39,DWWLDWDDLWWWDWWDDWDWWWWLWDWWWLWWDWDDLW,19,19,12,0,7,9,5,5,55212,,8,16,10,18,15,13,2,0,6,3,5,11,2,9,4,0,17,7,100.0,31,7,24,14,17,21,9,29,3,35,2,4,12,9,9,8,0,0,0,0,1,0,0,0,0,0,
1359,Luton,2021,39,,0,0,0,0,0,0,0,0,11500,,0,0,0,0,0,0,0,0,0,0,0,0,0,0,0,0,0,0,0.0,0,0,0,0,0,0,0,0,0,0,0,0,0,0,0,0,0,0,0,0,0,0,0,0,0,0,
75,Stoke City,2017,39,LWDDLLWLLWDDLLWLLLWDLLLWDLDDDLLLLDDDLW,19,19,5,9,5,2,10,7,30089,,2,4,10,8,6,5,1,0,8,10,4,14,16,14,1,0,6,13,0.0,25,13,9,29,1,37,0,38,0,38,1,7,8,9,15,22,0,0,0,1,0,0,0,0,0,0,
76,Swansea,2017,39,DLWLDLLWLLLLDLLWLLDLWLDWWDWLWDLDDLLLLL,19,19,6,10,3,2,11,6,21028,,3,2,7,7,4,6,0,0,7,7,9,10,9,13,0,0,9,18,100.0,20,18,5,33,2,36,1,37,0,38,5,5,6,9,8,18,0,0,1,0,0,0,0,0,0,0,
57,Ipswich,2016,39,,0,0,0,0,0,0,0,0,30311,,0,0,0,0,0,0,0,0,0,0,0,0,0,0,0,0,0,0,0.0,0,0,0,0,0,0,0,0,0,0,0,0,0,0,0,0,0,0,0,0,0,0,0,0,0,0,
39,Wolves,2020,39,WLLWWDWLDWLLWLDLDLLDLWDWWDLDLLWWLDWLLL,19,19,7,8,4,5,9,5,34624,,4,4,6,6,8,7,2,0,10,6,7,13,5,5,5,0,10,13,100.0,25,13,10,28,1,37,0,38,0,38,1,1,10,11,8,22,2,0,0,0,0,0,0,1,0,0,
49,Chelsea,2020,39,WLDWDDWWWDWLLWLDLWLDWWWWDDWWDLWDWWWLWL,19,19,9,4,6,10,5,4,41841,,5,8,8,10,12,10,4,0,5,6,9,9,4,1,3,0,18,10,100.0,28,10,18,20,9,29,3,35,0,38,2,4,10,9,11,13,2,0,0,1,1,0,0,1,0,0,
45,Everton,2020,39,WWWWDLLLWLDWWWWLWDLWDLLWWWLLDDDWLWDLWL,19,19,6,9,4,11,4,4,40569,,6,9,10,9,6,4,2,0,10,7,6,5,10,8,3,0,12,10,80.0,28,10,12,26,4,34,2,36,1,37,2,6,9,9,11,22,0,0,0,0,0,0,1,1,0,0,
63,Leeds,2021,39,LDDLDLWLDWDLDWDLLLWWLDLLLLLLWWDWDLLLDW,19,19,4,9,6,5,9,5,40204,,4,7,4,8,8,4,8,0,11,13,9,18,11,11,5,0,5,13,100.0,25,13,12,26,5,33,0,38,0,38,5,10,12,18,21,22,12,0,0,2,0,1,0,0,0,0,
55,Brentford,2017,39,,0,0,0,0,0,0,0,0,17250,,0,0,0,0,0,0,0,0,0,0,0,0,0,0,0,0,0,0,0.0,0,0,0,0,0,0,0,0,0,0,0,0,0,0,0,0,0,0,0,0,0,0,0,0,0,0,
63,Leeds,2018,39,,0,0,0,0,0,0,0,0,40204,,0,0,0,0,0,0,0,0,0,0,0,0,0,0,0,0,0,0,0.0,0,0,0,0,0,0,0,0,0,0,0,0,0,0,0,0,0,0,0,0,0,0,0,0,0,0,
60,West Brom,2018,39,,0,0,0,0,0,0,0,0,28003,,0,0,0,0,0,0,0,0,0,0,0,0,0,0,0,0,0,0,0.0,0,0,0,0,0,0,0,0,0,0,0,0,0,0,0,0,0,0,0,0,0,0,0,0,0,0,
49,Chelsea,2016,39,WWWDLLWWWWWWWWWWWWWLWWDWDWWWLWWLWWWWWW,19,19,17,2,0,13,3,3,41841,,12,11,12,14,14,20,1,0,7,6,4,9,3,1,4,0,16,3,100.0,35,3,26,12,16,22,6,32,2,36,3,9,15,15,11,19,0,0,0,0,0,0,0,0,0,0,
52,Crystal Palace,2017,39,LLLLLLLWLDLDWDDDWWDLDWWLDDLLLLWLDWDWWW,19,19,7,7,5,4,9,6,26309,,5,7,7,7,5,11,4,0,10,8,8,11,6,10,1,0,9,14,100.0,24,14,16,22,3,35,1,37,1,37,3,6,10,13,16,24,0,0,0,0,0,0,0,0,0,0,
42,Arsenal,2016,39,LDWWWWWWDWDDWWWLLWWDWWLLWLLDWLWWLWWWWW,19,19,14,2,3,9,7,3,60383,,7,9,10,15,11,13,9,0,6,5,5,14,10,5,2,0,13,4,100.0,34,4,23,15,14,24,5,33,1,37,2,13,8,6,14,25,0,0,1,0,0,0,2,0,0,0,
39,Wolves,2017,39,,0,0,0,0,0,0,0,0,34624,,0,0,0,0,0,0,0,0,0,0,0,0,0,0,0,0,0,0,0.0,0,0,0,0,0,0,0,0,0,0,0,0,0,0,0,0,0,0,0,0,0,0,0,0,0,0,
43,Cardiff,2016,39,,0,0,0,0,0,0,0,0,33280,,0,0,0,0,0,0,0,0,0,0,0,0,0,0,0,0,0,0,0.0,0,0,0,0,0,0,0,0,0,0,0,0,0,0,0,0,0,0,0,0,0,0,0,0,0,0,
65,Nottingham Forest,2016,39,,0,0,0,0,0,0,0,0,30576,,0,0,0,0,0,0,0,0,0,0,0,0,0,0,0,0,0,0,0.0,0,0,0,0,0,0,0,0,0,0,0,0,0,0,0,0,0,0,0,0,0,0,0,0,0,0,
63,Leeds,2015,39,,0,0,0,0,0,0,0,0,40204,,0,0,0,0,0,0,0,0,0,0,0,0,0,0,0,0,0,0,0.0,0,0,0,0,0,0,0,0,0,0,0,0,0,0,0,0,0,0,0,0,0,0,0,0,0,0,
51,Brighton,2016,39,,0,0,0,0,0,0,0,0,31872,,0,0,0,0,0,0,0,0,0,0,0,0,0,0,0,0,0,0,0.0,0,0,0,0,0,0,0,0,0,0,0,0,0,0,0,0,0,0,0,0,0,0,0,0,0,0,
63,Leeds,2016,39,,0,0,0,0,0,0,0,0,40204,,0,0,0,0,0,0,0,0,0,0,0,0,0,0,0,0,0,0,0.0,0,0,0,0,0,0,0,0,0,0,0,0,0,0,0,0,0,0,0,0,0,0,0,0,0,0,
37,Huddersfield,2016,39,,0,0,0,0,0,0,0,0,24554,,0,0,0,0,0,0,0,0,0,0,0,0,0,0,0,0,0,0,0.0,0,0,0,0,0,0,0,0,0,0,0,0,0,0,0,0,0,0,0,0,0,0,0,0,0,0,
62,Sheffield Utd,2013,39,,0,0,0,0,0,0,0,0,32702,,0,0,0,0,0,0,0,0,0,0,0,0,0,0,0,0,0,0,0.0,0,0,0,0,0,0,0,0,0,0,0,0,0,0,0,0,0,0,0,0,0,0,0,0,0,0,
746,Sunderland,2016,39,LLDLLLDLLLWWLWLLWLLDLLDWLLLDLLLDLLWLLL,19,19,3,11,5,3,15,1,49000,,2,2,5,4,7,8,2,0,9,6,10,12,11,15,5,0,6,20,100.0,18,20,8,30,2,36,1,37,0,38,3,5,20,10,19,27,0,0,0,0,1,1,0,2,0,0,
60,West Brom,2020,39,LLDLDDLLLWLLDLDLLWLLDLLDDWLDLWWLDDLLLL,19,19,3,10,6,2,12,5,28003,,9,5,4,8,6,3,1,0,6,12,15,16,12,11,3,0,6,16,100.0,22,16,7,31,4,34,1,37,1,37,3,3,7,7,10,21,0,0,0,1,3,0,0,0,0,0,
76,Swansea,2016,39,WLLDLLLLDLLDWLWLLLLWLWWLWLWLLDLLLWDWWW,19,19,8,8,3,4,13,2,21028,,7,1,7,10,11,10,4,0,5,9,8,12,13,13,5,0,8,11,100.0,27,11,12,26,4,34,1,37,1,37,4,7,14,10,8,13,0,0,0,0,0,0,0,0,0,0,
63,Leeds,2017,39,,0,0,0,0,0,0,0,0,40204,,0,0,0,0,0,0,0,0,0,0,0,0,0,0,0,0,0,0,0.0,0,0,0,0,0,0,0,0,0,0,0,0,0,0,0,0,0,0,0,0,0,0,0,0,0,0,
1359,Luton,2015,39,,0,0,0,0,0,0,0,0,11500,,0,0,0,0,0,0,0,0,0,0,0,0,0,0,0,0,0,0,0.0,0,0,0,0,0,0,0,0,0,0,0,0,0,0,0,0,0,0,0,0,0,0,0,0,0,0,
1359,Luton,2016,39,,0,0,0,0,0,0,0,0,11500,,0,0,0,0,0,0,0,0,0,0,0,0,0,0,0,0,0,0,0.0,0,0,0,0,0,0,0,0,0,0,0,0,0,0,0,0,0,0,0,0,0,0,0,0,0,0,
62,Sheffield Utd,2015,39,,0,0,0,0,0,0,0,0,32702,,0,0,0,0,0,0,0,0,0,0,0,0,0,0,0,0,0,0,0.0,0,0,0,0,0,0,0,0,0,0,0,0,0,0,0,0,0,0,0,0,0,0,0,0,0,0,
1359,Luton,2023,39,LLLLDWLLDLDLWLLLWWLDWDLLLLDLDLLWLLLDLL,19,19,4,11,4,2,13,4,11500,,8,5,6,10,7,12,5,0,5,9,11,18,21,16,4,0,2,5,100.0,33,5,12,26,5,33,2,36,0,38,1,11,15,15,10,13,6,0,0,0,0,0,0,0,0,0,
41,Southampton,2016,39,DLDLWWDWDLLDWLWDWLLLLWLLWWLDWWLLDDLWDL,19,19,6,7,6,6,9,4,32689,,5,6,6,9,3,7,3,0,7,3,8,11,6,13,2,0,14,15,100.0,23,15,9,29,7,31,2,36,0,38,3,6,12,9,9,22,0,0,0,0,0,1,0,1,0,0,
71,Norwich,2020,39,,0,0,0,0,0,0,0,0,27606,,0,0,0,0,0,0,0,0,0,0,0,0,0,0,0,0,0,0,0.0,0,0,0,0,0,0,0,0,0,0,0,0,0,0,0,0,0,0,0,0,0,0,0,0,0,0,
63,Leeds,2020,39,LWWDLWLLDWLLWLWWLLWWLWLLWLLDWWWDDLWWWW,19,19,8,6,5,10,9,0,40204,,9,5,11,11,11,13,2,0,11,13,9,5,8,6,2,0,12,10,100.0,28,10,18,20,10,28,4,34,2,36,6,4,10,7,15,18,1,0,0,0,1,0,0,0,0,0,
44,Burnley,2016,39,LWLDLWLLWDWLLLWLLWWLWLWLDDLLDLWDLLWDLL,19,19,10,6,3,1,14,4,22546,,7,5,4,6,7,10,2,0,5,6,5,14,12,6,5,0,10,12,100.0,26,12,9,29,3,35,1,37,0,38,3,9,11,10,13,21,0,0,1,0,0,0,0,1,0,0,
38,Watford,2018,39,WWWWLDLLWWLDLLLDWWLDDWDLDWWLWLLWLWDLLL,19,19,8,8,3,6,8,5,22200,,6,8,4,9,15,10,2,0,8,5,11,9,8,14,2,0,7,10,100.0,28,10,15,23,6,32,2,36,1,37,3,7,11,13,14,31,0,0,1,0,1,1,0,1,0,0,
37,Huddersfield,2018,39,LLDDLLLDLLWDWLLLLLLLLDLLLLLWLLLLLLLLDD,19,19,2,14,3,1,14,4,24554,,4,2,4,4,3,2,3,0,8,17,11,10,13,14,3,0,5,19,100.0,19,19,2,36,1,37,0,38,0,38,3,9,13,8,10,14,0,0,0,1,2,0,1,0,0,0,
44,Burnley,2018,39,DLLLLWWDLLLDLLLWLLLWWWDDDWWLLLLWWWDLLL,19,19,7,10,2,4,10,5,22546,,8,7,11,5,6,7,3,0,10,11,6,10,11,9,9,0,8,12,100.0,26,12,15,23,3,35,1,37,0,38,4,3,22,11,14,21,0,0,0,0,0,0,0,1,0,0,
71,Norwich,2016,39,,0,0,0,0,0,0,0,0,27606,,0,0,0,0,0,0,0,0,0,0,0,0,0,0,0,0,0,0,0.0,0,0,0,0,0,0,0,0,0,0,0,0,0,0,0,0,0,0,0,0,0,0,0,0,0,0,
48,West Ham,2016,39,LWLLLLDWWLDLDLDWWWLLWWLWDDLLLLLWDDDWLW,19,19,7,8,4,5,9,5,62500,,7,6,5,6,9,10,3,0,8,10,8,13,9,13,4,0,10,9,100.0,29,9,13,25,4,34,1,37,0,38,8,6,16,11,18,27,0,0,1,0,0,0,1,3,0,0,
1359,Luton,2014,39,,0,0,0,0,0,0,0,0,11500,,0,0,0,0,0,0,0,0,0,0,0,0,0,0,0,0,0,0,0.0,0,0,0,0,0,0,0,0,0,0,0,0,0,0,0,0,0,0,0,0,0,0,0,0,0,0,
52,Crystal Palace,2016,39,LLDWWWDLLLLLLWDLLDLLLLWLLWWWWLWDWLLLWL,19,19,6,11,2,6,10,3,26309,,5,5,7,7,11,10,3,0,9,7,11,8,10,15,5,0,7,13,100.0,25,13,15,23,7,31,3,35,0,38,1,7,18,11,14,27,0,0,0,0,0,0,0,0,0,0,
47,Tottenham,2014,39,WWLDLDWLLWLWWLDWWWDWLWWWLDWWLWDLWDLLWW,19,19,10,6,3,9,6,4,62850,,11,8,6,11,9,10,3,0,9,12,6,9,10,7,0,0,9,10,100.0,28,10,20,18,6,32,3,35,1,37,0,4,1,1,7,8,0,0,0,0,0,0,0,0,0,0,
37,Huddersfield,2013,39,,0,0,0,0,0,0,0,0,24554,,0,0,0,0,0,0,0,0,0,0,0,0,0,0,0,0,0,0,0.0,0,0,0,0,0,0,0,0,0,0,0,0,0,0,0,0,0,0,0,0,0,0,0,0,0,0,
57,Ipswich,2014,39,,0,0,0,0,0,0,0,0,30311,,0,0,0,0,0,0,0,0,0,0,0,0,0,0,0,0,0,0,0.0,0,0,0,0,0,0,0,0,0,0,0,0,0,0,0,0,0,0,0,0,0,0,0,0,0,0,
63,Leeds,2013,39,,0,0,0,0,0,0,0,0,40204,,0,0,0,0,0,0,0,0,0,0,0,0,0,0,0,0,0,0,0.0,0,0,0,0,0,0,0,0,0,0,0,0,0,0,0,0,0,0,0,0,0,0,0,0,0,0,
51,Brighton,2014,39,,0,0,0,0,0,0,0,0,31872,,0,0,0,0,0,0,0,0,0,0,0,0,0,0,0,0,0,0,0.0,0,0,0,0,0,0,0,0,0,0,0,0,0,0,0,0,0,0,0,0,0,0,0,0,0,0,
62,Sheffield Utd,2012,39,,0,0,0,0,0,0,0,0,32702,,0,0,0,0,0,0,0,0,0,0,0,0,0,0,0,0,0,0,0.0,0,0,0,0,0,0,0,0,0,0,0,0,0,0,0,0,0,0,0,0,0,0,0,0,0,0,
37,Huddersfield,2010,39,,0,0,0,0,0,0,0,0,24554,,0,0,0,0,0,0,0,0,0,0,0,0,0,0,0,0,0,0,0.0,0,0,0,0,0,0,0,0,0,0,0,0,0,0,0,0,0,0,0,0,0,0,0,0,0,0,
76,Swansea,2015,39,DWDWLDLDLWLLDLLLDWDLLWWDDLLWWLWDWLLWWD,19,19,8,5,6,4,10,5,21028,,3,12,7,6,11,4,1,0,9,6,3,10,13,7,2,0,9,12,100.0,26,12,13,25,2,36,1,37,0,38,1,6,12,9,16,16,0,0,0,0,1,0,0,0,0,0,
75,Stoke City,2015,39,LDDLLDWWWLDWWLWDLWWLWDLLLWWWDLWDLLLDLW,19,19,8,7,4,6,8,5,30089,,8,7,2,12,1,9,1,0,5,7,8,10,12,12,2,0,10,13,100.0,25,13,12,26,3,35,1,37,0,38,3,4,7,8,12,19,0,0,0,1,1,1,0,1,0,0,
71,Norwich,2014,39,,0,0,0,0,0,0,0,0,27606,,0,0,0,0,0,0,0,0,0,0,0,0,0,0,0,0,0,0,0.0,0,0,0,0,0,0,0,0,0,0,0,0,0,0,0,0,0,0,0,0,0,0,0,0,0,0,
60,West Brom,2016,39,WLDLWDDDLLWWDWLWLLWWLWDWDWLLWDLLLLDLLL,19,19,9,8,2,3,9,7,28003,,8,5,9,6,9,4,3,0,5,8,5,10,6,16,0,0,6,15,100.0,23,15,12,26,6,32,2,36,0,38,1,8,12,21,15,23,0,0,0,0,0,0,0,0,0,0,
71,Norwich,2018,39,,0,0,0,0,0,0,0,0,27606,,0,0,0,0,0,0,0,0,0,0,0,0,0,0,0,0,0,0,0.0,0,0,0,0,0,0,0,0,0,0,0,0,0,0,0,0,0,0,0,0,0,0,0,0,0,0,
64,Hull City,2016,39,WWLDLLLLLLWLDLDLLLDLWLDWLDLWLWWLLWDLLL,19,19,8,7,4,1,15,3,25504,,3,3,5,7,11,9,3,0,10,6,7,12,18,16,7,0,5,16,100.0,22,16,11,27,3,35,1,37,0,38,4,9,11,8,13,22,0,0,0,2,1,0,1,1,0,0,
38,Watford,2016,39,DLLWWLDWDWLWLLWLLDLLDDWWLDLLWWLWLLLLLL,19,19,8,7,4,3,13,3,22200,,9,3,4,12,8,2,3,0,4,9,17,19,5,10,3,0,7,15,100.0,23,15,11,27,5,33,1,37,0,38,5,9,17,7,18,34,0,0,0,0,0,0,1,4,0,0,
43,Cardiff,2018,39,LDDLLLLLWLLWLWLWLLDWLDLLWWLLLWLLLWLLLW,19,19,6,11,2,4,13,2,33280,,3,5,1,7,5,8,4,0,9,10,12,8,13,11,7,0,10,17,100.0,21,17,11,27,1,37,1,37,0,38,4,3,13,10,16,20,0,0,0,0,0,1,0,0,0,0,
70,Middlesbrough,2016,39,DWDLLLDLDWDLDWLLWLLDDLDLDLLLDLDLLWDLLL,19,19,4,9,6,1,11,7,34988,,5,4,4,6,4,2,1,0,5,10,11,11,10,4,3,0,11,18,100.0,20,18,6,32,1,37,0,38,0,38,5,13,14,9,12,26,0,0,0,1,0,0,0,0,0,0,
75,Stoke City,2016,39,DLLLLDDWWWDLWWLDDLLWWDDLWLWDLLLLWLDDLW,19,19,7,6,6,4,10,5,30089,,6,5,7,10,10,3,1,0,8,5,11,10,12,6,3,0,11,11,100.0,27,11,11,27,3,35,0,38,0,38,3,16,6,9,12,26,0,0,0,1,0,0,0,1,0,0,
62,Sheffield Utd,2018,39,,0,0,0,0,0,0,0,0,32702,,0,0,0,0,0,0,0,0,0,0,0,0,0,0,0,0,0,0,0.0,0,0,0,0,0,0,0,0,0,0,0,0,0,0,0,0,0,0,0,0,0,0,0,0,0,0,
37,Huddersfield,2012,39,,0,0,0,0,0,0,0,0,24554,,0,0,0,0,0,0,0,0,0,0,0,0,0,0,0,0,0,0,0.0,0,0,0,0,0,0,0,0,0,0,0,0,0,0,0,0,0,0,0,0,0,0,0,0,0,0,
42,Arsenal,2014,39,WDDDWDLDWWLLWWLWDWWLWWWLWWWWWWWWDWLDDW,19,19,12,2,5,10,5,4,60383,,9,8,13,11,15,7,7,0,1,6,7,8,3,10,2,0,13,5,100.0,33,5,24,14,9,29,4,34,1,37,1,1,5,4,2,5,0,0,0,0,0,0,0,0,0,0,
38,Watford,2014,39,,0,0,0,0,0,0,0,0,22200,,0,0,0,0,0,0,0,0,0,0,0,0,0,0,0,0,0,0,0.0,0,0,0,0,0,0,0,0,0,0,0,0,0,0,0,0,0,0,0,0,0,0,0,0,0,0,
38,Watford,2012,39,,0,0,0,0,0,0,0,0,22200,,0,0,0,0,0,0,0,0,0,0,0,0,0,0,0,0,0,0,0.0,0,0,0,0,0,0,0,0,0,0,0,0,0,0,0,0,0,0,0,0,0,0,0,0,0,0,
72,QPR,2013,39,,0,0,0,0,0,0,0,0,18360,,0,0,0,0,0,0,0,0,0,0,0,0,0,0,0,0,0,0,0.0,0,0,0,0,0,0,0,0,0,0,0,0,0,0,0,0,0,0,0,0,0,0,0,0,0,0,
37,Huddersfield,2011,39,,0,0,0,0,0,0,0,0,24554,,0,0,0,0,0,0,0,0,0,0,0,0,0,0,0,0,0,0,0.0,0,0,0,0,0,0,0,0,0,0,0,0,0,0,0,0,0,0,0,0,0,0,0,0,0,0,
76,Swansea,2014,39,WWWLLDDLWDWLDWLLWWLDDLWDLWWLLWWDLWWWLL,19,19,9,5,5,7,9,3,21028,,5,8,4,6,9,9,3,0,5,7,11,8,11,8,1,0,13,8,100.0,30,8,13,25,3,35,0,38,0,38,0,1,3,0,1,2,0,0,0,0,0,0,0,1,0,0,
64,Hull City,2014,39,WDLDDLWDDLLLLDDLLWLWLLLDWWLDDLLLWWLLLD,19,19,5,9,5,3,10,6,25504,,2,5,8,9,4,2,2,0,10,4,8,7,11,9,3,0,10,17,100.0,21,17,11,27,1,37,0,38,0,38,1,2,5,2,7,8,0,0,0,0,0,0,1,0,0,0,
71,Norwich,2015,39,LWDLWDDLLLLWLDLDWLWWLLLLLDLLLDWWLLLLWL,19,19,6,8,5,3,14,2,27606,,2,6,6,10,8,5,2,0,7,8,8,14,16,9,5,0,5,16,100.0,22,16,10,28,5,33,2,36,0,38,5,9,9,14,6,20,0,0,0,0,2,0,0,1,0,0,
64,Hull City,2011,39,,0,0,0,0,0,0,0,0,25504,,0,0,0,0,0,0,0,0,0,0,0,0,0,0,0,0,0,0,0.0,0,0,0,0,0,0,0,0,0,0,0,0,0,0,0,0,0,0,0,0,0,0,0,0,0,0,
38,Watford,2011,39,,0,0,0,0,0,0,0,0,22200,,0,0,0,0,0,0,0,0,0,0,0,0,0,0,0,0,0,0,0.0,0,0,0,0,0,0,0,0,0,0,0,0,0,0,0,0,0,0,0,0,0,0,0,0,0,0,
70,Middlesbrough,2015,39,,0,0,0,0,0,0,0,0,34988,,0,0,0,0,0,0,0,0,0,0,0,0,0,0,0,0,0,0,0.0,0,0,0,0,0,0,0,0,0,0,0,0,0,0,0,0,0,0,0,0,0,0,0,0,0,0,
66,Aston Villa,2014,39,WDWWLLLLLLDDDWWLDLDDLLLLLLLWWLLDWLWWLL,19,19,5,8,6,5,12,2,42788,,4,8,10,3,3,3,1,0,10,6,6,7,9,14,4,0,10,18,100.0,20,18,7,31,3,35,1,37,0,38,2,1,4,5,3,8,0,0,0,0,0,0,0,2,0,0,
1359,Luton,2013,39,,0,0,0,0,0,0,0,0,11500,,0,0,0,0,0,0,0,0,0,0,0,0,0,0,0,0,0,0,0.0,0,0,0,0,0,0,0,0,0,0,0,0,0,0,0,0,0,0,0,0,0,0,0,0,0,0,
746,Sunderland,2011,39,DLDLWLDLWDLDLLWLWDWWLWWWLLDWLWDDLDDDLL,19,19,7,5,7,4,10,5,49000,,3,8,7,11,3,9,3,0,8,5,5,7,9,9,4,0,12,13,100.0,25,13,12,26,6,32,2,36,0,38,0,0,0,0,0,0,0,0,0,0,0,0,0,0,0,0,
44,Burnley,2014,39,LLDDDLDLLLWWDDLWLLDDWLLDLDLLWLDLLLLWDW,19,19,4,8,7,3,11,5,22546,,8,3,4,4,5,4,1,0,5,14,10,11,6,5,1,0,10,18,100.0,20,18,7,31,1,37,0,38,0,38,0,1,2,3,5,5,0,0,0,0,0,0,0,0,0,0,
44,Burnley,2015,39,,0,0,0,0,0,0,0,0,22546,,0,0,0,0,0,0,0,0,0,0,0,0,0,0,0,0,0,0,0.0,0,0,0,0,0,0,0,0,0,0,0,0,0,0,0,0,0,0,0,0,0,0,0,0,0,0,
60,West Brom,2014,39,DDLLWWLDDWLLLLDWLLLDWDLDWDWLWLLLWDWDWL,19,19,7,8,4,4,8,7,28003,,7,4,3,11,8,3,1,0,13,8,10,7,6,5,3,0,16,13,100.0,25,13,10,28,2,36,1,37,0,38,1,2,4,4,2,7,0,0,0,0,0,0,0,0,0,0,
60,West Brom,2015,39,LDLWDWLLWWLLWDDDLLWWDLDDLWWDWLDLLLDLDD,19,19,6,8,5,4,7,8,28003,,5,4,8,7,4,4,2,0,5,11,6,10,6,8,2,0,11,14,100.0,24,14,9,29,1,37,0,38,0,38,1,6,12,11,16,19,0,0,0,0,1,0,0,2,0,0,
746,Sunderland,2015,39,LLDDLLLDLWLLWWLLLLLWWLDLDWLDDDDLWDDWWD,19,19,6,7,6,3,10,6,49000,,4,2,8,13,7,10,3,0,10,9,8,16,11,6,3,0,7,12,100.0,26,12,15,23,6,32,1,37,0,38,3,10,13,15,9,18,0,0,0,0,0,1,1,0,0,0,
38,Watford,2015,39,DDDLWWLDLWWLLWWWWDLLLLWDLWDLLLLDWLWLLD,19,19,6,7,6,6,10,3,22200,,6,5,6,9,4,8,2,0,4,7,7,12,11,9,0,0,11,14,100.0,24,14,13,25,3,35,0,38,0,38,1,4,12,10,17,31,0,0,0,0,0,0,2,1,0,0,
64,Hull City,2015,39,,0,0,0,0,0,0,0,0,25504,,0,0,0,0,0,0,0,0,0,0,0,0,0,0,0,0,0,0,0.0,0,0,0,0,0,0,0,0,0,0,0,0,0,0,0,0,0,0,0,0,0,0,0,0,0,0,
72,QPR,2014,39,LLWLDLLLWLDLWLWLWLDDLLLLWLLLLLWDLDLLWL,19,19,6,8,5,2,16,1,18360,,3,5,7,7,10,8,2,0,7,10,17,11,10,13,5,0,6,12,100.0,26,12,11,27,4,34,1,37,0,38,1,2,5,6,5,7,0,0,0,0,1,0,0,0,0,0,
53,Reading,2011,39,,0,0,0,0,0,0,0,0,24200,,0,0,0,0,0,0,0,0,0,0,0,0,0,0,0,0,0,0,0.0,0,0,0,0,0,0,0,0,0,0,0,0,0,0,0,0,0,0,0,0,0,0,0,0,0,0,
62,Sheffield Utd,2014,39,,0,0,0,0,0,0,0,0,32702,,0,0,0,0,0,0,0,0,0,0,0,0,0,0,0,0,0,0,0.0,0,0,0,0,0,0,0,0,0,0,0,0,0,0,0,0,0,0,0,0,0,0,0,0,0,0,
63,Leeds,2014,39,,0,0,0,0,0,0,0,0,40204,,0,0,0,0,0,0,0,0,0,0,0,0,0,0,0,0,0,0,0.0,0,0,0,0,0,0,0,0,0,0,0,0,0,0,0,0,0,0,0,0,0,0,0,0,0,0,
1359,Luton,2012,39,,0,0,0,0,0,0,0,0,11500,,0,0,0,0,0,0,0,0,0,0,0,0,0,0,0,0,0,0,0.0,0,0,0,0,0,0,0,0,0,0,0,0,0,0,0,0,0,0,0,0,0,0,0,0,0,0,
64,Hull City,2012,39,,0,0,0,0,0,0,0,0,25504,,0,0,0,0,0,0,0,0,0,0,0,0,0,0,0,0,0,0,0.0,0,0,0,0,0,0,0,0,0,0,0,0,0,0,0,0,0,0,0,0,0,0,0,0,0,0,
70,Middlesbrough,2014,39,,0,0,0,0,0,0,0,0,34988,,0,0,0,0,0,0,0,0,0,0,0,0,0,0,0,0,0,0,0.0,0,0,0,0,0,0,0,0,0,0,0,0,0,0,0,0,0,0,0,0,0,0,0,0,0,0,
52,Crystal Palace,2012,39,,0,0,0,0,0,0,0,0,26309,,0,0,0,0,0,0,0,0,0,0,0,0,0,0,0,0,0,0,0.0,0,0,0,0,0,0,0,0,0,0,0,0,0,0,0,0,0,0,0,0,0,0,0,0,0,0,
43,Cardiff,2012,39,,0,0,0,0,0,0,0,0,33280,,0,0,0,0,0,0,0,0,0,0,0,0,0,0,0,0,0,0,0.0,0,0,0,0,0,0,0,0,0,0,0,0,0,0,0,0,0,0,0,0,0,0,0,0,0,0,
746,Sunderland,2012,39,DDDDWLDDLLWLDLLWLWWLLWWDLLLDLDLLWWLDDL,19,19,5,6,8,4,11,4,49000,,4,8,8,9,10,3,1,0,6,8,8,11,6,11,2,0,11,10,100.0,28,10,8,30,5,33,0,38,0,38,0,0,0,0,0,0,0,0,0,0,0,0,0,0,0,0,
70,Middlesbrough,2012,39,,0,0,0,0,0,0,0,0,34988,,0,0,0,0,0,0,0,0,0,0,0,0,0,0,0,0,0,0,0.0,0,0,0,0,0,0,0,0,0,0,0,0,0,0,0,0,0,0,0,0,0,0,0,0,0,0,
62,Sheffield Utd,2010,39,,0,0,0,0,0,0,0,0,32702,,0,0,0,0,0,0,0,0,0,0,0,0,0,0,0,0,0,0,0.0,0,0,0,0,0,0,0,0,0,0,0,0,0,0,0,0,0,0,0,0,0,0,0,0,0,0,
63,Leeds,2011,39,,0,0,0,0,0,0,0,0,40204,,0,0,0,0,0,0,0,0,0,0,0,0,0,0,0,0,0,0,0.0,0,0,0,0,0,0,0,0,0,0,0,0,0,0,0,0,0,0,0,0,0,0,0,0,0,0,
43,Cardiff,2010,39,,0,0,0,0,0,0,0,0,33280,,0,0,0,0,0,0,0,0,0,0,0,0,0,0,0,0,0,0,0.0,0,0,0,0,0,0,0,0,0,0,0,0,0,0,0,0,0,0,0,0,0,0,0,0,0,0,
67,Blackburn,2011,39,LLLDWLLDLDLDLWLLLDWLWDLLWLDWWLLLLLWLLL,19,19,6,12,1,2,11,6,31367,,4,8,6,13,9,6,1,0,7,14,13,17,10,11,7,0,3,10,100.0,28,10,11,27,7,31,2,36,0,38,0,0,0,0,0,0,0,0,0,0,0,0,0,0,0,0,
42,Arsenal,2013,39,LWWWWWDWWWLWWWDLDWWWWWDWLDWLWLDDLWWWWW,19,19,13,1,5,11,6,2,60383,,8,6,11,14,17,11,3,0,7,8,5,5,5,8,1,0,17,6,100.0,32,6,23,15,11,27,2,36,0,38,0,0,0,0,0,0,0,0,0,0,0,0,0,0,0,0,
41,Southampton,2013,39,WDLDWWWDWDWLLLDDLWLLWDDWDWLLWWLWLLDWWD,19,19,8,5,6,7,7,5,32689,,7,10,8,10,10,6,2,0,7,7,5,10,9,7,2,0,15,7,100.0,31,7,15,23,5,33,3,35,0,38,0,0,0,0,0,0,0,0,0,0,0,0,0,0,0,0,
46,Leicester,2014,39,DLDWWLDLLLLDLLLLLLWDWLLLLDLDLWWWWLWWDW,19,19,7,7,5,4,12,3,34310,,6,7,7,11,7,11,1,0,5,11,9,11,8,6,1,0,10,14,100.0,24,14,13,25,5,33,2,36,2,36,1,2,4,1,1,4,0,0,0,0,0,0,0,1,0,0,
45,Everton,2013,39,DDDWWWLWWDDDWWDWWLWDWDLWLLWWWWWWWLWLLW,19,19,13,3,3,8,5,6,40569,,8,7,6,10,13,15,3,0,1,7,7,7,10,4,2,0,15,9,100.0,29,9,21,17,9,29,2,36,0,38,0,0,0,0,0,0,0,0,0,0,0,0,0,0,0,0,
40,Liverpool,2013,39,WWWDLWWDWLWDLWWWWLLWWDWDWWWWWWWWWWWLDW,19,19,16,2,1,10,4,5,55212,,14,22,20,17,14,12,3,0,5,9,6,11,7,10,1,0,10,3,100.0,35,3,28,10,21,17,11,27,5,33,0,0,0,0,0,0,0,0,0,0,0,0,0,0,0,0,
40,Liverpool,2010,39,DLWDLDLLWWWDLWLWLLWLLDWWWWDLWWLWDWWWL,19,18,12,3,4,5,10,3,55212,,10,7,9,12,13,7,3,0,3,4,7,13,4,5,5,0,14,6,100.0,31,6,16,21,8,29,2,35,2,35,0,0,0,0,0,0,0,0,0,0,0,0,0,0,0,0,
76,Swansea,2011,39,LDDLWLWLDWDLDLWDLDDWWLDWLLWWWLLLLWDDLW,19,19,8,4,7,4,11,4,21028,,9,4,7,11,4,7,3,0,7,6,6,11,12,6,2,0,14,15,100.0,23,15,14,24,6,32,1,37,0,38,0,0,0,0,0,0,0,0,0,0,0,0,0,0,0,0,
62,Sheffield Utd,2011,39,,0,0,0,0,0,0,0,0,32702,,0,0,0,0,0,0,0,0,0,0,0,0,0,0,0,0,0,0,0.0,0,0,0,0,0,0,0,0,0,0,0,0,0,0,0,0,0,0,0,0,0,0,0,0,0,0,
44,Burnley,2011,39,,0,0,0,0,0,0,0,0,22546,,0,0,0,0,0,0,0,0,0,0,0,0,0,0,0,0,0,0,0.0,0,0,0,0,0,0,0,0,0,0,0,0,0,0,0,0,0,0,0,0,0,0,0,0,0,0,
71,Norwich,2011,39,DDLLWWLWDDLLWLWDDLDWWDLWWLLDLWLDWLLLDW,19,19,7,6,6,5,9,5,27606,,8,6,9,8,9,11,2,0,10,12,4,9,15,10,5,0,3,9,100.0,29,9,17,21,5,33,1,37,0,38,0,0,0,0,0,0,0,0,0,0,0,0,0,0,0,0,
70,Middlesbrough,2011,39,,0,0,0,0,0,0,0,0,34988,,0,0,0,0,0,0,0,0,0,0,0,0,0,0,0,0,0,0,0.0,0,0,0,0,0,0,0,0,0,0,0,0,0,0,0,0,0,0,0,0,0,0,0,0,0,0,
746,Sunderland,2014,39,DDLDDDWLLWDDDLDDWLDLLLWDLDLDLLWLDWWDDL,19,19,4,7,8,3,7,9,49000,,6,7,4,4,4,8,1,0,5,10,7,9,9,8,2,0,13,17,100.0,21,17,8,30,2,36,0,38,0,38,2,2,4,5,2,11,0,0,0,0,0,1,1,0,0,0,
72,QPR,2011,39,LWLDWDLDWLLWLDLLLDLLLWDLLLDLWLWLWLWLWL,19,19,7,7,5,3,14,2,18360,,5,7,5,8,9,7,2,0,10,9,12,10,14,9,2,0,7,11,100.0,27,11,11,27,5,33,0,38,0,38,0,0,0,0,0,0,0,0,0,0,0,0,0,0,0,0,
49,Chelsea,2012,39,WWWDWWWWLDDLDDLWWWWLWDWDLWLWWLWWDWWDWW,19,19,12,2,5,10,5,4,41841,,10,14,11,14,12,8,4,0,6,4,3,9,8,8,3,0,14,5,100.0,33,5,24,14,8,30,6,32,1,37,0,0,0,0,0,0,0,0,0,0,0,0,0,0,0,0,
72,QPR,2012,39,LDLDLLLDLDLLLDDDWLLLWDDDDLLWWLLDLLDLLL,19,19,2,9,8,2,12,5,18360,,4,5,5,9,6,5,1,0,9,14,4,8,10,8,2,0,7,16,100.0,22,16,7,31,1,37,0,38,0,38,0,0,0,0,0,0,0,0,0,0,0,0,0,0,0,0,
66,Aston Villa,2012,39,LLDWLDLLDWLLDWDDWLLLDLDLDWLLWWLWDLWWLD,19,19,5,9,5,5,8,6,42788,,6,5,10,13,8,10,1,0,7,6,9,14,12,11,4,0,5,12,100.0,26,12,13,25,5,33,1,37,1,37,0,0,0,0,0,0,0,0,0,0,0,0,0,0,0,0,
44,Burnley,2010,39,,0,0,0,0,0,0,0,0,22546,,0,0,0,0,0,0,0,0,0,0,0,0,0,0,0,0,0,0,0.0,0,0,0,0,0,0,0,0,0,0,0,0,0,0,0,0,0,0,0,0,0,0,0,0,0,0,
34,Newcastle,2010,39,LWDLWLLDWWWLDLDLWLLWWDDLDDWDLLWLDDLWD,18,19,6,5,7,5,9,5,52758,,5,9,11,8,10,8,4,0,9,7,12,7,6,9,2,0,9,10,100.0,27,10,11,26,6,31,5,32,3,34,0,0,0,0,0,0,0,0,0,0,0,0,0,0,0,0,
41,Southampton,2012,39,LLLLWLDLLLDWWDLWLDDDWDDLDWLLDWWWDDLLDD,19,19,6,6,7,3,9,7,32689,,8,5,10,10,10,6,1,0,5,6,16,9,10,12,1,0,7,9,100.0,29,9,14,24,5,33,1,37,0,38,0,0,0,0,0,0,0,0,0,0,0,0,0,0,0,0,
76,Swansea,2012,39,WWDLLLDWLDDWDWWLLDDWDDWDLWLWLLLDDLDWLL,19,19,6,5,8,5,9,5,21028,,5,5,3,12,12,8,3,0,2,6,13,11,7,7,4,0,10,16,0.0,22,16,15,23,7,31,2,36,1,37,0,0,0,0,0,0,0,0,0,0,0,0,0,0,0,0,
63,Leeds,2010,39,,0,0,0,0,0,0,0,0,40204,,0,0,0,0,0,0,0,0,0,0,0,0,0,0,0,0,0,0,0.0,0,0,0,0,0,0,0,0,0,0,0,0,0,0,0,0,0,0,0,0,0,0,0,0,0,0,
64,Hull City,2013,39,LWLDWWDLLWLLWLDDDLWLLLLDWLWLLWLLWLDLLL,19,19,7,8,4,3,13,3,25504,,5,7,5,8,9,3,0,0,8,10,8,12,5,10,1,0,10,16,100.0,22,16,8,30,4,34,2,36,1,37,0,0,0,0,0,0,0,0,0,0,0,0,0,0,0,0,
44,Burnley,2013,39,,0,0,0,0,0,0,0,0,22546,,0,0,0,0,0,0,0,0,0,0,0,0,0,0,0,0,0,0,0.0,0,0,0,0,0,0,0,0,0,0,0,0,0,0,0,0,0,0,0,0,0,0,0,0,0,0,
71,Norwich,2013,39,DLWLLWLLDLWLWLWDDLLDLWDLDLWLDLWLLLLLDL,19,19,6,7,6,2,14,3,27606,,4,3,4,6,5,7,1,0,7,12,10,10,11,8,2,0,12,17,100.0,21,17,6,32,1,37,0,38,0,38,0,0,0,0,0,0,0,0,0,0,0,0,0,0,0,0,
44,Burnley,2012,39,,0,0,0,0,0,0,0,0,22546,,0,0,0,0,0,0,0,0,0,0,0,0,0,0,0,0,0,0,0.0,0,0,0,0,0,0,0,0,0,0,0,0,0,0,0,0,0,0,0,0,0,0,0,0,0,0,
72,QPR,2010,39,,0,0,0,0,0,0,0,0,18360,,0,0,0,0,0,0,0,0,0,0,0,0,0,0,0,0,0,0,0.0,0,0,0,0,0,0,0,0,0,0,0,0,0,0,0,0,0,0,0,0,0,0,0,0,0,0,
746,Sunderland,2013,39,LDLLLLLLWLWLDLLDDWDLWDWWLLDLLLLLDWWWWL,19,19,5,11,3,5,9,5,49000,,5,11,4,7,6,13,1,0,11,7,8,10,6,9,3,0,11,13,100.0,25,13,10,28,4,34,2,36,0,38,0,0,0,0,0,0,0,0,0,0,0,0,0,0,0,0,
60,West Brom,2011,39,LLLWLDDWWLLWLDLWWDLLLWDLWWWLDLLWLWWDDL,19,19,6,10,3,7,7,5,28003,,9,4,7,6,7,13,1,0,8,10,6,10,8,7,1,0,10,12,100.0,26,12,12,26,4,34,2,36,1,37,0,0,0,0,0,0,0,0,0,0,0,0,0,0,0,0,
61,Wigan,2011,39,DDWLLLLLLLLDWLWDDLDLLLLDWDLDDWWLWWLWWW,19,19,5,7,7,6,10,3,25138,,7,2,10,7,5,8,2,0,8,6,10,11,11,13,4,0,8,11,100.0,27,11,11,27,3,35,1,37,0,38,0,0,0,0,0,0,0,0,0,0,0,0,0,0,0,0,
38,Watford,2013,39,,0,0,0,0,0,0,0,0,22200,,0,0,0,0,0,0,0,0,0,0,0,0,0,0,0,0,0,0,0.0,0,0,0,0,0,0,0,0,0,0,0,0,0,0,0,0,0,0,0,0,0,0,0,0,0,0,
76,Swansea,2013,39,LLWDWLLWDLDWLWDDLLDLLLWLWDLDLLDWLLWWLW,19,19,6,8,5,5,10,4,21028,,8,6,3,12,7,9,4,0,7,9,6,14,13,7,3,0,8,11,100.0,27,11,17,21,8,30,2,36,0,38,0,0,0,0,0,0,0,0,0,0,0,0,0,0,0,0,
70,Middlesbrough,2013,39,,0,0,0,0,0,0,0,0,34988,,0,0,0,0,0,0,0,0,0,0,0,0,0,0,0,0,0,0,0.0,0,0,0,0,0,0,0,0,0,0,0,0,0,0,0,0,0,0,0,0,0,0,0,0,0,0,
68,Bolton,2011,39,WLLLLLLWLLWLLLLLWLDWLWDLLLLWWWLLDWDLDD,19,19,4,11,4,6,11,2,28723,,5,9,5,6,11,6,2,0,7,7,14,18,19,12,2,0,3,14,100.0,24,14,14,24,5,33,2,36,1,37,0,0,0,0,0,0,0,0,0,0,0,0,0,0,0,0,
36,Fulham,2010,39,DDDWDDDLLWDLDLDLDLWLWDWLWDDDWLWLDWWLW,18,19,8,4,6,3,7,9,25700,,6,5,6,15,9,9,1,0,8,7,10,4,6,2,0,0,14,9,100.0,28,9,14,23,5,32,0,37,0,37,0,0,0,0,0,0,0,0,0,0,0,0,0,0,0,0,
47,Tottenham,2010,39,DWLDWLWWDLLDWWWDDWWWLDDWWWLDDDWDDLDLW,18,19,8,1,9,7,7,5,62850,,6,13,8,5,8,10,2,0,6,9,10,3,3,13,2,0,8,8,100.0,29,8,17,20,6,31,1,36,0,37,0,0,0,0,0,0,0,0,0,0,0,0,0,0,0,0,
53,Reading,2010,39,,0,0,0,0,0,0,0,0,24200,,0,0,0,0,0,0,0,0,0,0,0,0,0,0,0,0,0,0,0.0,0,0,0,0,0,0,0,0,0,0,0,0,0,0,0,0,0,0,0,0,0,0,0,0,0,0,
1359,Luton,2010,39,,0,0,0,0,0,0,0,0,11500,,0,0,0,0,0,0,0,0,0,0,0,0,0,0,0,0,0,0,0.0,0,0,0,0,0,0,0,0,0,0,0,0,0,0,0,0,0,0,0,0,0,0,0,0,0,0,
47,Tottenham,2012,39,LDDWWWWLWLLLWWWLWDWWWDDDWWWWLLWDWDWDWW,19,19,11,3,5,10,5,4,62850,,9,6,6,10,15,16,1,0,7,6,5,13,6,9,3,0,9,4,0.0,34,4,23,15,8,30,1,37,0,38,0,0,0,0,0,0,0,0,0,0,0,0,0,0,0,0,
64,Hull City,2010,39,,0,0,0,0,0,0,0,0,25504,,0,0,0,0,0,0,0,0,0,0,0,0,0,0,0,0,0,0,0.0,0,0,0,0,0,0,0,0,0,0,0,0,0,0,0,0,0,0,0,0,0,0,0,0,0,0,
61,Wigan,2010,39,LLWDLDWDDLLDWLLDDWDLDDLLDWDLLWDLWLDDW,19,18,5,6,8,3,8,7,25138,,3,7,2,8,6,7,2,0,4,11,12,9,13,16,0,0,6,13,100.0,24,13,11,26,3,34,1,36,0,37,0,0,0,0,0,0,0,0,0,0,0,0,0,0,0,0,
38,Watford,2010,39,,0,0,0,0,0,0,0,0,22200,,0,0,0,0,0,0,0,0,0,0,0,0,0,0,0,0,0,0,0.0,0,0,0,0,0,0,0,0,0,0,0,0,0,0,0,0,0,0,0,0,0,0,0,0,0,0,
50,Manchester City,2012,39,WDWDDWWWWDWWDWDLWWLWWWWDDLWWLWWWLWDWWL,19,19,14,2,3,9,4,6,55097,,6,5,13,12,13,15,2,0,4,6,3,5,10,3,3,0,18,6,100.0,32,6,22,16,8,30,3,35,1,37,0,0,0,0,0,0,0,0,0,0,0,0,0,0,0,0,
48,West Ham,2012,39,WLWDDWLWLDWDLLWLDLLWLDLLWLLWLWDDDWLDLW,19,19,9,4,6,3,12,4,62500,,4,10,6,7,4,9,5,0,12,5,4,14,7,11,0,0,11,11,100.0,27,11,11,27,5,33,2,36,0,38,0,0,0,0,0,0,0,0,0,0,0,0,0,0,0,0,
45,Everton,2012,39,WWLDWWDDDDWLDDDWDWWLWDDWDLLWWWDWDLWDWL,19,19,12,1,6,4,6,9,40569,,11,8,12,9,5,7,3,0,10,3,4,6,5,11,1,0,11,7,100.0,31,7,19,19,5,33,0,38,0,38,0,0,0,0,0,0,0,0,0,0,0,0,0,0,0,0,
60,West Brom,2010,39,LWLDWWDDWLLDLLWWLLLLLWLDLDDDWDWWLDWLW,19,18,8,5,6,4,10,4,28003,,10,6,6,11,7,12,1,0,7,13,10,15,12,10,1,0,2,9,100.0,28,9,16,21,8,29,1,36,0,37,0,0,0,0,0,0,0,0,0,0,0,0,0,0,0,0,
75,Stoke City,2010,39,LLLWDWWLLLLWWWDDLWLWLWLLWLLDLWDLDWDWL,18,19,10,4,4,3,13,3,30089,,1,9,7,13,3,8,5,0,7,8,10,5,5,11,1,0,9,12,100.0,25,12,14,23,6,31,1,36,0,37,0,0,0,0,0,0,0,0,0,0,0,0,0,0,0,0,
61,Wigan,2012,39,LWDLLLDLWWLLWLLDLLLWLDLDDLWLWWDLLDWLLD,19,19,4,9,6,5,11,3,25138,,5,5,5,16,5,9,3,0,10,10,8,14,17,11,2,0,5,11,100.0,27,11,16,22,4,34,0,38,0,38,0,0,0,0,0,0,0,0,0,0,0,0,0,0,0,0,
33,Manchester United,2012,39,LWWWWLWWWWWLWWWWWDWWWWDWWWWWWWLWDWDLWD,19,19,16,3,0,12,2,5,76212,,15,17,10,12,14,14,3,0,8,6,3,17,3,5,2,0,13,3,100.0,35,3,27,11,16,22,7,31,1,37,0,0,0,0,0,0,0,0,0,0,0,0,0,0,0,0,
54,Birmingham,2010,39,DWDDLDLLWDDLDWDDLDLWDLDWWLLDLWDWLLDLL,19,18,6,5,8,2,9,7,30009,,4,6,5,9,7,8,1,0,8,5,9,14,10,5,1,0,9,11,100.0,26,11,10,27,0,37,0,37,0,37,0,0,0,0,0,0,0,0,0,0,0,0,0,0,0,0,
34,Newcastle,2012,39,WLDDWDLDWDLLLLWLLWLLLDLWWLWLWLLWLDLDWL,19,19,9,9,1,2,10,7,52758,,5,5,9,8,8,6,4,0,8,9,5,16,13,16,1,0,6,11,100.0,27,11,12,26,5,33,1,37,0,38,0,0,0,0,0,0,0,0,0,0,0,0,0,0,0,0,
75,Stoke City,2012,39,DDDDLWDLDLWDWWWDDDWDLLLDLWLLLDLLLWWDLD,19,19,7,5,7,2,9,8,30089,,7,3,6,8,5,7,1,0,6,4,4,11,8,7,2,0,12,15,100.0,23,15,9,29,2,36,0,38,0,38,0,0,0,0,0,0,0,0,0,0,0,0,0,0,0,0,
53,Reading,2012,39,DLLLDDLDDDWLLLLLLLDWLWWDWLLLLLLLDLDWLL,19,19,4,7,8,2,15,2,24200,,5,6,3,4,8,14,1,0,6,10,13,11,16,15,4,0,5,14,100.0,24,14,14,24,4,34,1,37,0,38,0,0,0,0,0,0,0,0,0,0,0,0,0,0,0,0,
71,Norwich,2010,39,,0,0,0,0,0,0,0,0,27606,,0,0,0,0,0,0,0,0,0,0,0,0,0,0,0,0,0,0,0.0,0,0,0,0,0,0,0,0,0,0,0,0,0,0,0,0,0,0,0,0,0,0,0,0,0,0,
70,Middlesbrough,2010,39,,0,0,0,0,0,0,0,0,34988,,0,0,0,0,0,0,0,0,0,0,0,0,0,0,0,0,0,0,0.0,0,0,0,0,0,0,0,0,0,0,0,0,0,0,0,0,0,0,0,0,0,0,0,0,0,0,
68,Bolton,2010,39,DWDLDDDWDLWDWWDLWLWLLDLLWLWDWLLWWLLLL,18,19,10,3,5,2,12,5,28723,,4,4,8,7,12,13,3,0,11,5,4,13,8,12,2,0,5,10,100.0,27,10,15,22,7,30,2,35,1,36,0,0,0,0,0,0,0,0,0,0,0,0,0,0,0,0,
71,Norwich,2012,39,LDDDLLLWDWDWDDWWWLLLLDLDDDWLDDLDLWLLWW,19,19,8,4,7,2,10,7,27606,,5,6,7,6,9,8,1,0,6,8,11,12,7,11,2,0,10,13,100.0,25,13,10,28,4,34,2,36,0,38,0,0,0,0,0,0,0,0,0,0,0,0,0,0,0,0,
60,West Brom,2012,39,WDWLWDWLLWWWWLLLDWWLLLDLLWWLWDLLDWLLLD,19,19,9,6,4,5,11,3,28003,,5,5,8,9,11,14,1,0,5,9,12,7,9,12,3,0,8,10,100.0,28,10,17,21,5,33,2,36,1,37,0,0,0,0,0,0,0,0,0,0,0,0,0,0,0,0,
1356,Blackpool,2010,39,WLDWLLWLLWDLDWDWWLLWLLLLLDWLLDLLLDDDW,19,18,5,9,5,5,9,4,17625,,8,8,12,5,8,12,2,0,10,12,10,12,7,20,1,0,6,8,100.0,29,8,18,19,4,33,2,35,0,37,0,0,0,0,0,0,0,0,0,0,0,0,0,0,0,0,
67,Blackburn,2010,39,WLLDDWLDLLWWLWLWLDLWLWLWLLDLLDDDLLWDD,19,18,7,5,7,3,12,3,31367,,4,8,4,10,5,8,1,0,3,9,6,19,11,11,1,0,8,10,100.0,27,10,12,25,4,33,0,37,0,37,0,0,0,0,0,0,0,0,0,0,0,0,0,0,0,0,
57,Ipswich,2022,39,,0,0,0,0,0,0,0,0,30311,,0,0,0,0,0,0,0,0,0,0,0,0,0,0,0,0,0,0,0.0,0,0,0,0,0,0,0,0,0,0,0,0,0,0,0,0,0,0,0,0,0,0,0,0,0,0,
33,Manchester United,2024,39,WLLWDLDWLD,5,5,2,2,1,1,2,2,76212,,0,0,2,2,2,2,1,0,1,0,3,3,2,1,2,0,4,4,100.0,6,4,2,8,1,9,0,10,0,10,1,3,8,9,7,3,2,0,0,0,1,0,0,0,0,0,
66,Aston Villa,2024,39,WLWWWDDWDL,5,5,2,1,2,3,1,1,42788,,3,1,3,2,2,4,1,0,2,3,1,1,5,2,2,0,1,2,0.0,8,2,6,4,3,7,0,10,0,10,3,2,3,5,4,3,6,0,0,0,0,0,0,0,1,0,
34,Newcastle,2024,39,WDWWLDDLLW,5,5,3,1,1,1,2,2,52758,,1,0,3,3,1,3,0,0,1,2,4,1,0,0,1,0,3,2,100.0,8,2,2,8,0,10,0,10,0,10,2,3,5,3,6,3,4,0,0,1,0,0,0,0,0,0,
45,Everton,2024,39,LLLLDWDWDL,5,5,1,2,2,1,3,1,40569,,1,3,1,4,0,0,1,0,2,2,1,2,3,5,2,0,2,4,0.0,6,4,4,6,0,10,0,10,0,10,1,3,1,2,0,7,2,0,0,0,0,0,1,0,0,0,
35,Bournemouth,2024,39,DDWLLWLWDWL,5,6,3,1,1,1,3,2,12000,,1,2,3,1,2,3,3,0,0,5,1,5,0,4,0,0,1,3,100.0,8,3,5,6,2,9,0,11,0,11,4,3,4,7,2,10,2,0,0,0,0,0,0,0,0,0,
46,Leicester,2024,39,DLLDDLWWLD,5,5,1,2,2,1,2,2,34310,,0,3,1,3,5,0,3,0,2,6,0,5,2,0,2,0,1,0,100.0,10,0,3,7,1,9,0,10,0,10,0,3,3,8,5,4,6,0,0,0,0,0,0,0,0,0,
36,Fulham,2024,39,LWDDWWLLDWW,5,6,3,1,1,2,2,2,25700,,2,4,1,2,3,2,3,0,2,1,2,3,0,2,2,0,2,1,100.0,10,1,5,6,1,10,0,11,0,11,0,3,2,6,6,4,6,0,0,0,0,0,1,0,0,0,
50,Manchester City,2024,39,WWWWDDWWWLL,5,6,4,0,1,3,2,1,55097,,5,6,4,1,0,5,2,0,4,2,0,2,1,3,0,0,2,0,100.0,11,0,7,4,3,8,1,10,0,11,0,1,4,5,3,4,6,0,0,0,0,0,0,0,0,0,
39,Wolves,2024,39,LLDLLLLLDD,5,5,0,4,1,0,3,2,34624,,3,3,1,2,2,1,2,0,3,3,3,5,5,6,2,0,0,1,0.0,9,1,4,6,1,9,0,10,0,10,3,5,6,4,7,3,1,0,0,0,0,0,0,0,0,0,
55,Brentford,2024,39,WLWLLDWLWL,5,5,4,0,1,0,5,0,17250,,4,4,2,5,2,2,1,0,3,4,2,2,2,2,4,0,0,1,100.0,9,1,4,6,3,7,2,8,1,9,0,2,2,4,3,3,1,0,0,0,0,0,0,0,0,0,
40,Liverpool,2024,39,WWWLWWWWDW,5,5,4,1,0,4,0,1,55212,,2,4,3,4,5,1,0,0,2,0,1,2,1,0,0,0,5,1,100.0,9,1,8,2,2,8,0,10,0,10,1,1,6,3,3,3,4,0,0,0,0,0,0,0,0,0,
52,Crystal Palace,2024,39,LLDDDLLLWD,5,5,1,2,2,0,3,2,26309,,1,0,1,3,0,1,1,0,1,3,0,4,5,1,0,0,2,4,100.0,6,4,2,8,0,10,0,10,0,10,2,1,3,3,6,6,3,0,0,0,0,0,0,0,0,0,
41,Southampton,2024,39,LLLLDLLLLW,5,5,1,3,1,0,5,0,32689,,2,1,0,2,0,1,1,0,1,1,6,1,6,1,3,0,1,4,0.0,6,4,1,9,0,10,0,10,0,10,3,6,5,8,3,4,4,0,0,0,0,0,1,1,0,0,
42,Arsenal,2024,39,WWDWDWWLDL,5,5,3,0,2,2,2,1,60383,,1,3,2,3,4,2,1,0,2,1,0,3,2,2,2,0,3,2,0.0,8,2,6,4,2,8,1,9,0,10,1,0,3,11,4,4,4,0,0,1,0,2,0,0,0,0,
47,Tottenham,2024,39,DWLLWWLWLW,5,5,4,1,0,1,3,1,62850,,3,4,2,4,2,4,1,0,1,1,3,5,2,1,0,0,2,2,0.0,8,2,6,4,5,5,3,7,0,10,0,1,5,8,7,4,0,0,0,0,0,0,0,0,0,0,
51,Brighton,2024,39,WWDDDLWWDL,5,5,2,0,3,2,2,1,31872,,2,1,6,4,1,2,1,0,1,3,4,1,3,1,1,0,3,1,0.0,9,1,6,4,2,8,0,10,0,10,0,3,4,3,4,4,3,0,0,0,0,0,0,0,0,0,
57,Ipswich,2024,39,LLDDDDLLLD,5,5,0,2,3,0,3,2,30311,,4,1,1,1,1,1,1,0,5,2,5,4,2,1,2,0,1,3,0.0,7,3,2,8,1,9,0,10,0,10,3,1,5,8,4,5,3,0,0,0,0,0,1,1,0,0,
46,Leicester,2022,39,DLLLLLLWLDWWLWWLLLLDWWLLLLDLLLLWDDLLDW,19,19,5,10,4,4,12,3,34310,,8,6,16,8,8,8,0,0,12,11,8,11,12,9,2,0,7,12,100.0,26,12,16,22,5,33,4,34,0,38,2,6,5,16,13,16,5,0,0,0,0,0,1,1,0,0,
45,Everton,2022,39,LLDDDDWWLLLWDLLLDLLLWLWLLDWDDLLDLDWLDW,19,19,6,10,3,2,8,9,40569,,7,4,2,6,4,6,3,0,2,9,13,13,8,13,1,0,9,14,100.0,24,14,6,32,2,36,1,37,1,37,3,7,13,14,21,12,10,0,0,0,0,1,0,1,0,0,
35,Bournemouth,2022,39,WLLLDWDDWDLLLLWLLLLDLDWLLWLWLWWLWWLLLL,19,19,6,9,4,5,12,2,12000,,4,11,2,10,6,5,2,0,14,10,12,9,8,11,4,0,8,18,0.0,20,18,11,27,5,33,1,37,0,38,2,4,11,20,16,10,5,0,0,0,0,0,0,0,0,0,
66,Aston Villa,2022,39,LWLLLDWDDLLWLWWLWDWWLLLWWDWWWWWDWLLWDW,19,19,12,5,2,6,8,5,42788,,13,8,4,7,8,11,2,0,10,4,8,7,7,7,1,0,12,8,100.0,30,8,16,22,4,34,1,37,0,38,3,8,10,13,16,17,13,0,0,0,0,0,1,0,0,0,
34,Newcastle,2022,39,WDDDLDDWWDWWWWWWDDWDDDLLWWWWWLWWWLDWDD,19,19,11,2,6,8,3,8,52758,,10,9,9,13,11,11,3,0,6,4,4,6,7,7,1,0,14,11,100.0,27,11,18,20,11,27,8,30,3,35,3,8,7,13,9,8,11,0,0,1,0,0,0,0,0,0,
33,Manchester United,2022,39,LLWWWWLWDWDWLWWWWWDLWDWWLDLWWWDWLLWWWW,19,19,15,1,3,8,8,3,76212,,6,8,10,10,9,10,4,0,6,6,7,7,7,9,2,0,17,7,100.0,31,7,20,18,6,32,1,37,0,38,4,8,8,13,16,18,11,0,0,0,1,0,1,0,0,0,
36,Fulham,2022,39,DDWLWLWLLDWWDLLWWWWLLDWWDLLLLWWLLLWWDL,19,19,8,6,5,7,10,2,25700,,4,12,5,11,12,9,1,0,6,8,10,11,5,10,4,0,9,9,100.0,29,9,17,21,7,31,1,37,1,37,4,9,9,16,18,14,10,0,1,0,0,0,0,0,0,0,
48,West Ham,2024,39,LWLDLDWLWLD,6,5,2,3,1,1,2,2,62500,,1,1,2,3,4,0,2,0,5,5,1,3,1,4,0,0,2,3,100.0,8,3,3,8,1,10,1,10,0,11,1,3,3,4,7,7,5,0,0,0,0,1,0,1,0,0,
65,Nottingham Forest,2024,39,DWDWDLDWWW,5,5,2,1,2,3,0,2,30576,,2,3,0,3,5,1,0,0,1,1,2,2,0,1,0,0,4,1,100.0,9,1,3,7,2,8,0,10,0,10,0,0,6,7,4,7,5,0,0,0,0,0,0,2,0,0,
49,Chelsea,2024,39,LWDWWWDLWD,5,5,2,1,2,3,1,1,41841,,2,5,3,6,2,2,0,0,1,3,2,4,1,1,0,0,2,1,100.0,9,1,4,6,3,7,2,8,1,9,3,3,9,4,5,8,6,0,0,0,0,0,0,0,0,0,
65,Nottingham Forest,2023,39,LWLWDLDDDLWLLLLDLLWWLLDLWLLLDDWLDLLWLW,19,19,5,9,5,4,11,4,30576,,11,6,3,15,9,6,1,0,8,9,10,13,12,10,3,0,4,10,100.0,28,10,18,20,3,35,0,38,0,38,5,9,9,20,8,19,10,0,0,1,0,1,1,0,0,0,
55,Brentford,2023,39,DWDDLLDLWWWLLWLLLLLWLLWLLLDLLDDDWWLDWL,19,19,5,7,7,5,12,2,17250,,5,10,4,10,12,7,6,0,9,6,8,13,14,13,4,0,7,8,100.0,30,8,17,21,7,31,1,37,1,37,4,7,13,16,15,19,14,0,1,0,0,0,1,0,0,0,
57,Ipswich,2023,39,,0,0,0,0,0,0,0,0,30311,,0,0,0,0,0,0,0,0,0,0,0,0,0,0,0,0,0,0,0.0,0,0,0,0,0,0,0,0,0,0,0,0,0,0,0,0,0,0,0,0,0,0,0,0,0,0,
51,Brighton,2023,39,WWLWWWLDLDDDWLWDLDWDDLWLWDLWLDLDLLWDLL,19,19,8,5,6,4,9,6,31872,,5,11,5,9,8,10,4,0,7,12,7,8,16,11,4,0,6,10,100.0,28,10,12,26,9,29,5,33,1,37,5,8,9,16,19,21,12,0,0,0,0,0,2,1,0,0,
40,Liverpool,2023,39,DWWWWWLDWWDWDWWWDDWWWWLWWWWDWWDLWLDWDW,19,19,15,1,3,9,3,7,55212,,2,10,14,18,11,19,8,0,9,8,5,7,6,8,2,0,10,3,100.0,35,3,27,11,17,21,7,31,0,38,5,5,8,12,12,15,12,0,0,2,0,1,1,1,0,0,
33,Manchester United,2023,39,WLWLLWLWWLWWWLWLDLWLDWWWWLLWDLDDWDLLWW,19,19,10,6,3,8,8,3,76212,,7,7,8,7,10,14,5,0,6,12,5,9,9,7,9,0,9,9,100.0,29,9,18,20,8,30,2,36,0,38,4,8,13,12,10,16,19,0,0,0,0,0,0,0,1,0,
35,Bournemouth,2023,39,DLLDDLLLLWLWWDWWWWLLDDLDLWDWWWLDLWWLLL,19,19,7,6,6,6,10,3,12000,,8,6,4,12,10,9,4,0,6,8,10,14,11,11,8,0,9,7,100.0,31,7,16,22,6,32,1,37,0,38,4,11,12,15,14,15,7,0,0,0,0,1,0,2,0,0,
41,Southampton,2023,39,,0,0,0,0,0,0,0,0,32689,,0,0,0,0,0,0,0,0,0,0,0,0,0,0,0,0,0,0,0.0,0,0,0,0,0,0,0,0,0,0,0,0,0,0,0,0,0,0,0,0,0,0,0,0,0,0,
36,Fulham,2021,39,,0,0,0,0,0,0,0,0,25700,,0,0,0,0,0,0,0,0,0,0,0,0,0,0,0,0,0,0,0.0,0,0,0,0,0,0,0,0,0,0,0,0,0,0,0,0,0,0,0,0,0,0,0,0,0,0,
39,Wolves,2023,39,LLWLLDWDWDLWLLWDLWWWDLWLWWLWLDLDLLWLLL,19,19,8,8,3,5,10,4,34624,,3,5,7,9,11,7,6,0,10,8,11,14,8,9,7,0,5,9,100.0,29,9,15,23,4,34,2,36,0,38,1,11,15,22,16,19,16,0,0,1,1,0,0,0,2,0,
42,Arsenal,2023,39,WWDWWDWWDWLWWWWLWDLLWWWWWWWWDWWLWWWWWW,19,19,15,2,2,13,3,3,60383,,10,11,14,16,16,10,10,0,6,6,3,8,2,8,0,0,18,5,100.0,33,5,26,12,15,23,9,29,6,32,5,2,12,13,11,10,11,0,0,0,0,0,1,1,0,0,
52,Crystal Palace,2023,39,WLDWLDWDLLWLLDLLDDLWLWLLDWLDDLLWWWDWWW,19,19,8,7,4,5,8,6,26309,,9,8,4,13,12,9,3,0,9,5,5,8,8,12,10,0,10,7,100.0,31,7,13,25,8,30,3,35,2,36,1,9,10,16,12,12,13,0,0,0,0,0,1,1,0,0,
50,Manchester City,2023,39,WWWWWWLLWWWDDDLWDWWWWWWDWWWDDWWWWWWWWW,19,19,14,0,5,14,3,2,55097,,11,14,9,20,20,15,6,0,5,4,7,3,6,7,3,0,13,3,100.0,35,3,28,10,19,19,9,29,4,34,0,4,9,14,7,12,7,0,0,0,0,1,0,0,1,0,
47,Tottenham,2023,39,DWWWWDWWWWLLLDLWWWLWDWDWLWWLWDWLLLLWLW,19,19,13,6,0,7,6,6,62850,,12,7,6,19,11,12,5,0,6,11,9,12,10,5,10,0,7,4,100.0,34,4,27,11,9,29,3,35,1,37,1,8,14,23,17,16,12,0,0,0,1,2,1,0,0,0,
45,Everton,2023,39,LLLDLWLWLWDWLWWWWLLLDDDLDDLLLDWLWWWDWL,19,19,8,7,4,5,9,5,40569,,5,7,4,10,4,9,4,0,7,8,7,4,13,5,4,0,13,12,100.0,26,12,10,28,4,34,0,38,0,38,5,11,13,15,9,15,13,0,0,0,1,0,0,0,0,0,
46,Leicester,2023,39,,0,0,0,0,0,0,0,0,34310,,0,0,0,0,0,0,0,0,0,0,0,0,0,0,0,0,0,0,0.0,0,0,0,0,0,0,0,0,0,0,0,0,0,0,0,0,0,0,0,0,0,0,0,0,0,0,
34,Newcastle,2023,39,WLLLWWWDWDWLWWLLWLLLLWDWDLWLWDWWLWWDLW,19,19,12,3,4,6,11,2,52758,,9,11,15,15,14,14,6,0,4,10,5,16,13,12,3,0,10,5,100.0,33,5,22,16,14,24,10,28,3,35,0,11,7,15,11,18,16,0,0,0,0,0,0,0,1,0,
66,Aston Villa,2023,39,LWWLWWWDWWLWWDWWWDLWDLWLWWWLDWLDWWDLDL,19,19,12,3,4,8,7,4,42788,,8,18,7,11,12,16,4,0,7,7,6,18,14,6,3,0,8,6,100.0,32,6,22,16,14,24,5,33,2,36,5,9,12,17,16,18,17,0,0,0,0,0,1,0,1,0,
48,West Ham,2023,39,DWWWLLWDLLLWWDWLWWWDDDLLLWWDDLDWLLDLWL,19,19,7,4,8,7,10,2,62500,,7,10,8,12,12,8,5,0,12,8,10,15,8,16,3,0,5,8,100.0,30,8,21,17,8,30,1,37,0,38,4,7,20,12,10,18,11,0,0,0,0,0,2,0,1,0,
36,Fulham,2023,39,WLDLWDLWLDLLWLWWLLLWLDDWLWWLWDLLWLDDLW,19,19,9,8,2,4,9,6,25700,,4,9,8,13,13,5,6,0,3,6,7,15,14,7,6,0,10,13,100.0,25,13,15,23,10,28,3,35,2,36,1,9,7,15,17,21,13,0,0,1,0,0,1,1,1,0,
55,Brentford,2022,39,DWLDDWLDLWDLDDWDWWWDWDDWLWDDLLLDWWLWWW,19,19,10,2,7,5,7,7,17250,,4,8,11,10,8,12,6,0,7,12,3,11,6,5,1,0,12,9,100.0,29,9,19,19,7,31,2,36,1,37,3,3,2,11,15,12,11,0,0,0,0,0,0,0,1,0,
49,Chelsea,2022,39,WDLWLWWWWDDLLLWDLLWDDDLLWWDLDLLLLWDLLD,19,19,6,6,7,5,10,4,41841,,5,6,3,11,4,11,0,0,6,7,7,5,13,4,3,0,10,14,100.0,24,14,11,27,3,35,0,38,0,38,6,7,10,15,17,18,8,0,0,1,0,1,0,1,0,0,
52,Crystal Palace,2022,39,LDWLDDLWDWLWWLLWLLDDLDDDLLLLWWWDLWLWDD,19,19,7,5,7,4,10,5,26309,,4,6,6,8,9,5,3,0,7,4,7,9,13,6,2,0,9,16,100.0,22,16,12,26,3,35,2,36,1,37,6,9,8,12,17,19,12,0,0,0,1,1,1,0,0,0,
44,Burnley,2023,39,LLLDLLWLLLLLLWLDLWLLDLDLLLLDWDDLDWDLLL,19,19,2,13,4,3,11,5,22546,,6,2,9,7,9,7,3,0,8,13,10,14,12,15,4,0,2,12,100.0,26,12,10,28,2,36,2,36,1,37,7,9,13,11,16,8,13,0,0,0,2,1,1,1,2,0,
49,Chelsea,2023,39,DLWLDLWWDLWDLWLLWLWWWLLWDDWDWDWLDWWWWW,19,19,11,4,4,7,7,5,41841,,10,15,12,9,15,10,8,0,5,7,8,13,10,11,7,0,8,6,100.0,32,6,24,14,12,26,6,32,2,36,5,8,28,19,12,24,10,0,0,0,1,1,1,1,0,0,
65,Nottingham Forest,2022,39,LWDLLLLLDLDWLDWLDWWDWLDLDLLDLLLLWLWDWD,19,19,8,5,6,1,13,5,30576,,5,7,4,7,5,7,1,0,4,13,6,20,9,13,5,0,8,12,100.0,26,12,9,29,2,36,1,37,0,38,5,12,13,14,9,21,10,0,0,0,0,0,0,0,0,0,
50,Manchester City,2022,39,WWDWWDWWWLWWWLWDWLWWLWWDWWWWWWWWWWWWDL,19,19,17,1,1,11,4,4,55097,,13,14,17,21,20,6,2,0,2,5,4,5,6,10,2,0,13,3,100.0,35,3,25,13,20,18,10,28,2,36,1,5,9,10,7,6,6,0,0,1,0,0,0,0,0,0,
47,Tottenham,2022,39,WDWWDWWLWWLLWLWDLWLLWWLWWLWDDWLLDLWLLW,19,19,12,6,1,6,8,5,62850,,9,5,6,16,17,12,4,0,13,7,10,12,9,10,3,0,10,4,100.0,34,4,20,18,9,29,5,33,1,37,3,11,11,13,16,13,9,0,0,0,0,0,1,2,0,0,
41,Southampton,2022,39,LDWLWLLLLDWDLLLLLLWLLLWLWDLDLLLDLLLLLD,19,19,2,12,5,4,13,2,32689,,5,6,4,9,9,6,2,0,5,10,13,16,14,8,2,0,4,15,100.0,23,15,8,30,4,34,1,37,0,38,7,4,14,8,12,13,13,0,0,0,0,0,0,0,0,0,
40,Liverpool,2022,39,DDLWWDDLWWLLWWWWLLDLWWDWWLLDDWWWWWWWDD,19,19,13,1,5,6,8,5,55212,,14,7,15,9,14,12,2,0,8,8,7,12,7,6,1,0,14,8,100.0,30,8,20,18,10,28,5,33,3,35,4,8,7,9,12,13,4,0,0,0,0,1,0,0,0,0,
62,Sheffield Utd,2022,39,,0,0,0,0,0,0,0,0,32702,,0,0,0,0,0,0,0,0,0,0,0,0,0,0,0,0,0,0,0.0,0,0,0,0,0,0,0,0,0,0,0,0,0,0,0,0,0,0,0,0,0,0,0,0,0,0,
44,Burnley,2022,39,,0,0,0,0,0,0,0,0,22546,,0,0,0,0,0,0,0,0,0,0,0,0,0,0,0,0,0,0,0.0,0,0,0,0,0,0,0,0,0,0,0,0,0,0,0,0,0,0,0,0,0,0,0,0,0,0,
42,Arsenal,2022,39,WWWWWLWWWWDWWWWWDWWLDLWWWWWWWDDDLWWLLW,19,19,14,2,3,12,4,3,60383,,12,15,10,22,13,11,2,0,6,4,6,9,12,6,3,0,14,4,100.0,34,4,26,12,18,20,8,30,2,36,0,4,11,16,4,11,5,0,0,0,0,0,0,0,0,0,
1359,Luton,2022,39,,0,0,0,0,0,0,0,0,11500,,0,0,0,0,0,0,0,0,0,0,0,0,0,0,0,0,0,0,0.0,0,0,0,0,0,0,0,0,0,0,0,0,0,0,0,0,0,0,0,0,0,0,0,0,0,0,
48,West Ham,2022,39,LLLWDLLWWDLWLLLLLDLWDDLWLDWLWDWLLLWLWL,19,19,8,7,4,3,13,3,62500,,4,8,10,5,9,3,3,0,8,14,6,9,10,7,1,0,9,13,100.0,25,13,10,28,5,33,2,36,0,38,2,2,4,13,10,6,7,0,0,0,0,0,0,0,0,0,
51,Brighton,2022,39,WDWWLWDLLDLWWLWLWWDWDLWDWDWLWLWWLWLWDL,19,19,10,5,4,8,7,4,31872,,10,11,11,14,13,10,5,0,10,8,9,8,7,5,4,0,12,5,100.0,33,5,19,19,12,26,5,33,2,36,5,4,4,15,10,16,5,0,0,0,0,0,0,0,0,0,
45,Everton,2021,39,WDWWLWDLLLDLLLWLDLLLLWLLLLWLLWDLWWDLWL,19,19,9,8,2,2,13,4,40569,,5,7,5,11,9,7,3,0,6,9,10,13,11,11,2,0,8,12,100.0,26,12,13,25,4,34,0,38,0,38,4,8,10,12,19,20,9,0,0,1,0,0,1,3,1,0,
66,Aston Villa,2021,39,LWDLWWLLLLLWWLWLWLLDWDLLWWWLLLLDWWLDDL,19,19,6,8,5,7,11,1,42788,,5,5,9,9,12,10,2,0,11,5,7,6,9,11,5,0,11,8,100.0,30,8,16,22,5,33,1,37,0,38,5,12,10,11,19,15,9,0,0,0,0,1,0,1,0,0,
35,Bournemouth,2021,39,,0,0,0,0,0,0,0,0,12000,,0,0,0,0,0,0,0,0,0,0,0,0,0,0,0,0,0,0,0.0,0,0,0,0,0,0,0,0,0,0,0,0,0,0,0,0,0,0,0,0,0,0,0,0,0,0,
33,Manchester United,2021,39,WDWWWLDLLWLLDWWWDWLDWWDDWWDLWDLWLLDWLL,19,19,10,4,5,6,8,5,76212,,6,6,9,11,14,10,3,0,8,6,8,15,6,8,4,0,8,9,100.0,29,9,14,24,10,28,3,35,1,37,1,5,11,20,9,22,9,0,0,0,0,1,1,0,0,0,
46,Leicester,2021,39,WLWLLDDWWLDLWDLWLWLDLDLWWLWDWLDDLLWWDW,19,19,10,5,4,4,9,6,34310,,7,8,13,10,11,11,3,0,10,12,7,6,9,9,5,0,7,6,100.0,32,6,17,21,7,31,5,33,1,37,3,6,6,9,16,6,9,0,0,0,1,0,0,0,0,0,
34,Newcastle,2021,39,LLDLDDLLDLDDLDWLLLDDWWWDWWWLLLWWWWLLWW,19,19,8,5,6,5,10,4,52758,,7,3,14,8,7,2,2,0,3,12,6,12,13,13,4,0,8,9,100.0,29,9,12,26,3,35,0,38,0,38,3,7,14,21,13,13,10,0,1,0,0,0,0,1,0,0,
38,Watford,2021,39,WLLLWDLLWLLWLLLLLLDLDLLWLDLLWLLLLLLDLL,19,19,2,15,2,4,12,3,22200,,6,7,4,1,6,8,4,0,11,14,12,11,9,11,7,0,4,18,100.0,20,18,7,31,4,34,2,36,1,37,3,6,10,14,9,16,5,0,0,0,0,0,1,2,0,0,
41,Southampton,2021,39,LDDDDLLWDWWLLDDLDWDWLDWDWWLLLDLWLDLLLL,19,19,6,6,7,3,10,6,32689,,8,7,8,8,5,6,1,0,12,10,10,15,8,7,5,0,8,9,100.0,29,9,10,28,3,35,1,37,0,38,3,4,4,11,16,16,11,0,0,0,1,0,0,1,0,0,
65,Nottingham Forest,2021,39,,0,0,0,0,0,0,0,0,30576,,0,0,0,0,0,0,0,0,0,0,0,0,0,0,0,0,0,0,0.0,0,0,0,0,0,0,0,0,0,0,0,0,0,0,0,0,0,0,0,0,0,0,0,0,0,0,
42,Arsenal,2021,39,LLLWWWDDWWWLWLLWWWWLDWWWWWLWLLLWWWWLLW,19,19,13,4,2,9,9,1,60383,,11,13,7,15,5,7,3,0,5,6,9,8,9,7,4,0,13,11,100.0,27,11,19,19,9,29,4,34,2,36,2,7,8,14,15,12,8,0,0,0,2,1,1,0,0,0,
48,West Ham,2021,39,WWDDLWLWWWWLLDWDLLWWWLLWDDWLWLWLDLLWDL,19,19,9,5,5,7,9,3,62500,,5,9,11,10,13,9,3,0,5,5,10,11,6,11,3,0,8,8,100.0,30,8,17,21,8,30,5,33,0,38,2,6,10,6,9,9,9,0,0,0,0,0,1,1,1,0,
40,Liverpool,2021,39,WWDWWDDWWDLWWWWWWDLDWWWWWWWWWWDWWWDWWW,19,19,15,0,4,13,2,4,55212,,13,16,14,12,18,18,4,0,6,2,4,5,6,2,0,0,21,1,100.0,37,1,30,8,16,22,7,31,3,35,4,4,5,7,12,14,4,0,0,0,0,0,0,1,0,0,
47,Tottenham,2021,39,WWWLLLWWLLDWWWDWDWWLLLWLWWLWWWWLDWDWWW,19,19,13,5,1,9,6,4,62850,,7,9,11,14,12,7,4,0,7,6,8,4,8,8,4,0,16,10,100.0,28,10,20,18,13,25,5,33,3,35,1,11,7,14,14,11,11,0,0,0,0,1,0,0,0,0,
33,Manchester United,2018,39,WLLWWDLWDWWLDDDWLWWWWWWDWWDWWLWLWLLDDL,19,19,10,3,6,9,7,3,76212,,9,11,16,7,10,12,3,0,8,10,3,11,10,7,2,0,7,7,100.0,31,7,22,16,8,30,3,35,1,37,1,9,21,8,15,23,0,0,0,0,0,1,1,2,0,0,
34,Newcastle,2018,39,LDLLLDLLLDWWWLDLWDLDLLWWLDWWLWDLLWWDLW,19,19,8,10,1,4,7,8,52758,,6,10,5,6,5,7,3,0,9,7,4,8,5,12,3,0,11,13,100.0,25,13,12,26,4,34,1,37,0,38,2,7,10,5,15,18,0,0,0,0,0,1,1,0,0,0,
71,Norwich,2021,39,LLLLLLDDLLWWDDLLLLLLWWDLLLLLLDWLLLLLDL,19,19,3,13,3,2,13,4,27606,,5,2,3,5,3,3,2,0,11,8,14,13,19,14,5,0,6,22,100.0,16,22,6,32,1,37,0,38,0,38,3,8,8,15,9,10,4,0,0,0,0,0,1,0,0,0,
62,Sheffield Utd,2021,39,,0,0,0,0,0,0,0,0,32702,,0,0,0,0,0,0,0,0,0,0,0,0,0,0,0,0,0,0,0.0,0,0,0,0,0,0,0,0,0,0,0,0,0,0,0,0,0,0,0,0,0,0,0,0,0,0,
50,Manchester City,2021,39,LWWWDWDWWLWWWWWWWWWWWWDWWLWWDWDWWWWWDW,19,19,15,2,2,14,1,4,55097,,16,13,14,12,18,17,6,0,7,3,3,7,4,3,2,0,21,4,100.0,34,4,27,11,16,22,12,26,7,31,1,7,7,9,5,6,7,0,0,0,0,1,0,0,0,0,
49,Chelsea,2021,39,WWDWWLWWWWDWDWLWDDWDDLDWWWWWLWLWDLDWDW,19,19,9,3,7,12,3,4,41841,,10,12,12,20,6,10,6,0,3,3,2,10,6,6,3,0,16,4,100.0,34,4,21,17,13,25,3,35,2,36,1,8,9,14,9,15,7,0,0,0,0,1,0,0,0,0,
51,Brighton,2021,39,WWLWWDDDLDDLDDDLWDWDDDWLLLLLLDWWLDWWDW,19,19,5,7,7,7,4,8,31872,,4,4,7,7,5,9,4,0,6,8,6,10,7,6,3,0,11,13,100.0,25,13,12,26,4,34,1,37,0,38,2,8,4,12,17,19,11,0,0,0,0,1,0,0,1,0,
39,Wolves,2021,39,LLLWLWWWDWLWDDLLWDWWWLWWLLLWWLWLLLDLDL,19,19,7,9,3,8,8,3,34624,,8,5,2,8,2,7,4,0,2,7,8,5,11,9,3,0,11,16,100.0,22,16,12,26,3,35,1,37,0,38,3,5,9,17,8,11,10,0,0,0,0,2,0,0,0,0,
52,Crystal Palace,2021,39,LDDWLDDDDWWDLLLWDLWLDLDDLWDWDWLLDWWDLW,19,19,7,4,8,4,8,7,26309,,6,4,10,8,10,10,4,0,5,6,13,4,6,7,3,0,12,11,100.0,27,11,16,22,6,32,1,37,0,38,2,9,16,10,10,17,5,0,0,0,1,0,0,0,0,0,
57,Ipswich,2021,39,,0,0,0,0,0,0,0,0,30311,,0,0,0,0,0,0,0,0,0,0,0,0,0,0,0,0,0,0,0.0,0,0,0,0,0,0,0,0,0,0,0,0,0,0,0,0,0,0,0,0,0,0,0,0,0,0,
55,Brentford,2021,39,WDDLWDWLLLLDWLDWLLWLLLLLDLLWWLWWWDLWWL,19,19,7,9,3,6,9,4,17250,,6,6,5,9,7,10,5,0,8,6,13,9,11,6,3,0,9,12,100.0,26,12,15,23,6,32,1,37,0,38,3,6,10,11,12,20,3,0,1,0,0,0,1,1,0,0,
66,Aston Villa,2018,39,,0,0,0,0,0,0,0,0,42788,,0,0,0,0,0,0,0,0,0,0,0,0,0,0,0,0,0,0,0.0,0,0,0,0,0,0,0,0,0,0,0,0,0,0,0,0,0,0,0,0,0,0,0,0,0,0,
46,Leicester,2019,39,DDWWLWWLWWWWWWWWDLLWWLLWDDLLWDDLWDLWLL,19,19,11,4,4,7,8,4,34310,,4,8,11,11,13,16,4,0,4,8,7,5,9,5,3,0,13,9,100.0,29,9,19,19,8,30,5,33,2,36,1,2,10,9,11,10,0,0,0,0,0,0,1,2,0,0,
33,Manchester United,2019,39,WDLDWLDLDWLWDDWWDLWWLWLLDWWDWDWWWWDWDW,19,19,10,2,7,8,6,5,76212,,4,17,11,13,10,8,3,0,6,3,7,9,3,5,3,0,13,8,100.0,30,8,20,18,11,27,4,34,1,37,5,5,16,12,14,21,0,0,0,0,0,0,0,0,0,0,
66,Aston Villa,2019,39,LLWLDLDWWLLLWDLLLLWLWLDWLLLLDLDLLLWDWD,19,19,7,9,3,2,12,5,42788,,3,6,7,7,9,4,5,0,4,9,9,12,15,15,3,0,7,11,100.0,27,11,11,27,1,37,1,37,1,37,4,7,18,6,10,25,0,0,0,0,0,1,0,0,0,0,
46,Leicester,2020,39,WWWLLWWWLLWWLWDDWWWDLWDWWLDWWLLWWDLWLL,19,19,9,9,1,11,3,5,34310,,6,11,10,7,10,19,3,0,8,7,7,10,9,9,2,0,11,6,100.0,32,6,22,16,8,30,4,34,2,36,2,5,16,9,12,15,2,0,0,0,0,0,0,0,0,0,
55,Brentford,2020,39,,0,0,0,0,0,0,0,0,17250,,0,0,0,0,0,0,0,0,0,0,0,0,0,0,0,0,0,0,0.0,0,0,0,0,0,0,0,0,0,0,0,0,0,0,0,0,0,0,0,0,0,0,0,0,0,0,
41,Southampton,2020,39,LLWWDWWWDLWWDLDDWLLLLLLDLLWLLWLLDLWWLL,19,19,8,8,3,4,11,4,32689,,4,11,14,8,5,5,1,0,7,10,9,14,13,8,6,0,9,13,100.0,25,13,15,23,6,32,1,37,0,38,3,5,11,11,8,14,0,0,2,0,0,0,0,1,0,0,
40,Liverpool,2020,39,WWWLDWWDWDWDWWDDLDLWWLLLLWLLWWWDDWWWWW,19,19,10,6,3,10,3,6,55212,,6,4,14,15,11,13,2,0,8,6,7,4,6,12,2,0,12,8,100.0,30,8,21,17,10,28,4,34,1,37,6,2,9,4,10,9,0,0,0,0,0,0,0,0,0,0,
50,Manchester City,2020,39,WLDWDWDLWWDDWWWWWWWWWWWWWWWLWWWLWWLWLW,19,19,13,4,2,14,2,3,55097,,12,16,13,18,11,11,2,0,5,3,4,7,6,4,3,0,19,3,100.0,35,3,23,15,13,25,8,30,4,34,2,2,9,3,9,21,0,0,1,0,1,0,0,0,0,0,
34,Newcastle,2020,39,WLDWLDWLLWWLDLDLLLLLWLWLLDDDLDWWDLWLWW,19,19,6,8,5,6,9,4,52758,,4,7,4,8,8,12,4,0,8,9,8,9,13,12,2,0,7,12,100.0,26,12,14,24,5,33,1,37,0,38,6,7,16,11,10,15,0,0,0,0,1,1,0,1,0,0,
52,Crystal Palace,2020,39,WWLLDWLWLLWDDLLDWDLLWWLLWDDLWDLLLWLWLL,19,19,6,8,5,6,10,3,26309,,9,6,3,6,6,7,2,0,12,11,7,14,7,14,3,0,8,14,100.0,24,14,10,28,4,34,2,36,1,37,1,6,11,10,9,19,0,0,0,0,0,0,1,1,0,0,
55,Brentford,2018,39,,0,0,0,0,0,0,0,0,17250,,0,0,0,0,0,0,0,0,0,0,0,0,0,0,0,0,0,0,0.0,0,0,0,0,0,0,0,0,0,0,0,0,0,0,0,0,0,0,0,0,0,0,0,0,0,0,
34,Newcastle,2019,39,LLWDLDLWLDWWLDWWLWLLLDWDDLLDWWDWDLLLDL,19,19,6,5,8,5,11,3,52758,,5,8,3,8,6,6,4,0,6,7,10,11,10,9,3,0,11,13,0.0,25,13,9,29,3,35,1,37,0,38,1,2,21,10,13,19,0,0,0,0,1,0,0,2,0,0,
45,Everton,2019,39,DWLWLLLLWLDWLLLWDDWWLWDDWWLDLDWWLDLDWL,19,19,8,4,7,5,11,3,40569,,9,7,7,9,4,6,3,0,6,7,8,14,9,6,5,0,9,10,100.0,28,10,12,26,4,34,0,38,0,38,2,7,15,13,14,25,0,0,0,0,0,1,1,1,0,0,
36,Fulham,2019,39,,0,0,0,0,0,0,0,0,25700,,0,0,0,0,0,0,0,0,0,0,0,0,0,0,0,0,0,0,0.0,0,0,0,0,0,0,0,0,0,0,0,0,0,0,0,0,0,0,0,0,0,0,0,0,0,0,
45,Everton,2018,39,DWDDLLWWWLWDWLDDLLWLLWLWLLLWDLWWWLWDWD,19,19,10,5,4,5,9,5,40569,,9,8,6,8,13,6,5,0,3,5,9,11,11,4,2,0,14,10,100.0,28,10,18,20,5,33,2,36,1,37,2,11,8,9,8,19,0,0,0,0,2,0,1,1,0,0,
35,Bournemouth,2019,39,DWLLWWDLDDWLLLLLWLDLLLLWWLLDLLLLLDWLLW,19,19,5,8,6,4,14,1,12000,,9,2,6,7,7,4,3,0,8,9,17,11,10,10,2,0,5,15,100.0,23,15,11,27,5,33,1,37,0,38,2,10,15,11,14,26,0,0,0,0,2,1,0,0,0,0,
52,Crystal Palace,2018,39,WLLLWDLLLDLLDWLLWWDLWLLDWDWLWLWLWLWDWW,19,19,5,9,5,9,8,2,26309,,1,5,11,6,7,16,3,0,3,4,7,14,13,11,3,0,12,11,100.0,27,11,14,24,7,31,2,36,1,37,6,3,13,4,10,24,0,0,0,0,0,0,1,1,0,0,
36,Fulham,2018,39,LLWDLDLLLLLLWLDLLDDWLLLWLLLLLLLLLWWWLL,19,19,6,10,3,1,16,2,25700,,4,3,9,6,8,4,1,0,12,20,8,7,13,17,3,0,5,15,100.0,23,15,6,32,3,35,2,36,0,38,0,9,17,15,14,17,0,0,0,0,0,0,2,0,0,0,
42,Arsenal,2018,39,LLWWWWWWWDDDWWDWLWDLWLWWLWWWDWWLWLLLDW,19,19,14,2,3,7,8,4,60383,,12,10,6,15,9,14,4,0,6,10,7,7,15,5,4,0,8,4,100.0,34,4,24,14,9,29,4,34,2,36,4,11,17,13,10,19,0,0,0,0,1,0,0,1,0,0,
41,Southampton,2018,39,DLLWDLLLDDLDLDLLWWLLDWWDDLLWLWWLWLDDLD,19,19,5,6,8,4,11,4,32689,,9,8,7,11,5,4,3,0,5,10,9,15,8,10,6,0,7,10,100.0,28,10,13,25,4,34,0,38,0,38,2,9,15,14,14,21,0,0,0,0,1,0,0,2,0,0,
46,Leicester,2018,39,LWWLLWWLLDWDDWDLLWWLWLLDLLLWLWWWWLDWLD,19,19,8,8,3,7,8,4,34310,,3,6,3,9,9,14,4,0,12,3,12,7,7,5,5,0,10,8,100.0,30,8,15,23,5,33,1,37,0,38,3,5,16,7,13,19,0,0,1,1,0,0,3,0,0,0,
35,Bournemouth,2018,39,WWDLWLWWDWLLLLWLLWLLDLWWLLDLLWDLLWLDWL,19,19,8,6,5,5,13,1,12000,,6,8,12,10,9,8,5,0,9,10,12,13,9,11,4,0,10,12,100.0,26,12,17,21,8,30,4,34,1,37,3,8,10,6,14,19,0,0,0,0,0,0,1,0,0,0,
34,Newcastle,2017,39,LLWWWLDDWLLLLDLLLLWLDWDLDDWDLWWWWLLLLW,19,19,8,7,4,4,11,4,52758,,5,8,2,8,12,6,0,0,3,8,5,14,9,5,1,0,9,14,0.0,24,14,11,27,4,34,0,38,0,38,4,6,6,10,11,17,0,0,0,0,0,1,0,1,0,0,
55,Brentford,2019,39,,0,0,0,0,0,0,0,0,17250,,0,0,0,0,0,0,0,0,0,0,0,0,0,0,0,0,0,0,0.0,0,0,0,0,0,0,0,0,0,0,0,0,0,0,0,0,0,0,0,0,0,0,0,0,0,0,
62,Sheffield Utd,2020,39,LLLLDLLLLLLLLDLLLWLWLWLLLLWLLLLLWLLWLW,19,19,5,13,1,2,16,1,32702,,4,5,0,4,5,4,0,0,8,4,13,10,13,12,1,0,5,21,100.0,17,21,3,35,0,38,0,38,0,38,4,10,16,4,10,29,0,0,1,0,1,1,0,0,0,0,
65,Nottingham Forest,2020,39,,0,0,0,0,0,0,0,0,30576,,0,0,0,0,0,0,0,0,0,0,0,0,0,0,0,0,0,0,0.0,0,0,0,0,0,0,0,0,0,0,0,0,0,0,0,0,0,0,0,0,0,0,0,0,0,0,
66,Aston Villa,2017,39,,0,0,0,0,0,0,0,0,42788,,0,0,0,0,0,0,0,0,0,0,0,0,0,0,0,0,0,0,0.0,0,0,0,0,0,0,0,0,0,0,0,0,0,0,0,0,0,0,0,0,0,0,0,0,0,0,
51,Brighton,2020,39,LWLLDDLDWDLLDDDLDLWDWWDDLLLWWLDDLWLDWL,19,19,4,6,9,5,9,5,31872,,8,4,6,10,4,6,3,0,3,8,6,11,7,8,2,0,12,12,100.0,26,12,10,28,4,34,0,38,0,38,1,6,8,5,9,18,2,0,0,0,0,1,0,5,0,0,
39,Wolves,2019,39,DDDLLDWWDDDWWDWDLWWLLDWLDDWWDWWWLLWDWL,19,19,8,4,7,7,5,7,34624,,2,7,4,12,11,11,3,0,9,5,10,7,2,3,5,0,13,8,100.0,30,8,16,22,5,33,0,38,0,38,3,5,11,10,15,17,0,0,0,0,0,0,1,1,0,0,
57,Ipswich,2020,39,,0,0,0,0,0,0,0,0,30311,,0,0,0,0,0,0,0,0,0,0,0,0,0,0,0,0,0,0,0.0,0,0,0,0,0,0,0,0,0,0,0,0,0,0,0,0,0,0,0,0,0,0,0,0,0,0,
50,Manchester City,2019,39,WDWWLWWLWWWLWDWLWWLWWWDWLWWLWWLWLWWWWW,19,19,15,2,2,11,7,1,55097,,11,17,16,20,14,20,3,0,3,10,3,6,4,7,3,0,17,4,100.0,34,4,29,9,17,21,11,27,7,31,4,7,8,17,8,20,0,0,1,0,0,1,0,2,0,0,
38,Watford,2020,39,,0,0,0,0,0,0,0,0,22200,,0,0,0,0,0,0,0,0,0,0,0,0,0,0,0,0,0,0,0.0,0,0,0,0,0,0,0,0,0,0,0,0,0,0,0,0,0,0,0,0,0,0,0,0,0,0,
47,Tottenham,2020,39,LWDWDWWWWDWDLLDWDWLLLWLLWWWLWDLDWWLWLW,19,19,10,6,3,8,6,5,62850,,12,12,11,13,11,9,1,0,3,8,5,11,5,9,3,0,12,6,100.0,32,6,18,20,9,29,6,32,2,36,2,2,14,6,12,21,0,0,0,0,0,0,0,2,0,0,
42,Arsenal,2020,39,WWLWLLWLDLLLDLWWWDWWDLLWLWDWDLWDLWWWWW,19,19,8,7,4,10,6,3,60383,,5,9,12,12,10,6,3,0,6,5,8,5,8,5,0,0,12,12,100.0,26,12,16,22,11,27,2,36,0,38,2,6,7,6,11,17,0,0,0,0,1,2,2,0,0,0,
33,Manchester United,2017,39,WWWDWWWDLWLWWWWLWWDDDWWWLWLWWWWWLWWLDW,19,19,15,2,2,10,5,4,76212,,7,10,10,15,9,14,4,0,4,4,5,6,4,3,1,0,19,8,100.0,30,8,22,16,10,28,6,32,0,38,3,4,11,13,15,18,0,0,0,0,0,0,1,0,0,0,
35,Bournemouth,2017,39,LLLLWLDLWLWWDLDDLLLDWDWDWWLDDLWDDLLLWW,19,19,7,7,5,4,9,6,12000,,4,4,7,5,12,10,4,0,7,10,7,13,10,9,4,0,6,12,100.0,26,12,15,23,3,35,1,37,0,38,3,8,10,10,12,14,0,0,0,0,1,0,0,0,0,0,
36,Fulham,2017,39,,0,0,0,0,0,0,0,0,25700,,0,0,0,0,0,0,0,0,0,0,0,0,0,0,0,0,0,0,0.0,0,0,0,0,0,0,0,0,0,0,0,0,0,0,0,0,0,0,0,0,0,0,0,0,0,0,
45,Everton,2017,39,WDLLLWLDLLWDLWWDWWDDLLLDWLWLLWWLDDWWDL,19,19,10,5,4,3,10,6,40569,,2,5,4,8,12,8,3,0,7,8,11,12,6,14,2,0,10,11,100.0,27,11,12,26,4,34,1,37,0,38,5,9,9,8,9,15,0,0,0,0,0,0,1,2,0,0,
46,Leicester,2017,39,LWLLDLDDWWDLDWWWWLDLLWDWLDLDDWWLLDLLWL,19,19,7,6,6,5,9,5,34310,,9,9,5,12,8,6,6,0,8,6,12,13,9,12,1,0,9,8,100.0,30,8,16,22,7,31,3,35,0,38,5,8,1,7,15,24,0,0,0,0,0,1,3,1,0,0,
42,Arsenal,2019,39,WWLDDWDWLDDLDDLWLDDLWDDDDWWWLLWWWDLWLW,19,19,10,3,6,4,7,8,60383,,8,9,10,10,8,9,2,0,5,7,10,10,5,9,2,0,10,7,100.0,31,7,17,21,6,32,2,36,0,38,6,5,16,11,16,34,0,0,0,1,1,1,2,0,0,0,
38,Watford,2019,39,LLLDDLLDDDLWLLLDLWDWWWDLLDLWLDLLLWWLLL,19,19,6,7,6,2,13,4,22200,,5,6,5,10,6,4,2,0,11,8,10,9,9,12,3,0,9,16,100.0,22,16,11,27,3,35,0,38,0,38,1,6,13,18,12,30,0,0,0,0,0,1,2,0,0,0,
51,Brighton,2019,39,WDLLDDLWLWWLLLWDDLLWDLDLDDDLDWDLWLLDDW,19,19,5,7,7,4,8,7,31872,,3,6,8,3,7,9,1,0,4,13,7,11,10,7,4,0,9,13,100.0,25,13,10,28,4,34,0,38,0,38,2,12,10,10,3,22,0,0,0,1,1,0,0,0,0,0,
48,West Ham,2019,39,LDWWDWDLLDLLLWLLWLLWLDLLDLLWLLLWDLWWDD,19,19,6,9,4,4,10,5,62500,,8,4,10,15,10,4,1,0,2,10,9,11,13,12,2,0,7,12,100.0,26,12,14,24,7,31,2,36,0,38,6,6,6,8,17,21,0,0,0,0,0,0,1,0,0,0,
49,Chelsea,2019,39,LDWDWLWWWWWWLLWLLWLWDWLDDLWDWWWLWWLWLW,19,19,11,5,3,9,7,3,41841,,8,12,11,19,10,10,2,0,4,7,9,10,8,12,1,0,9,7,100.0,31,7,24,14,9,29,4,34,1,37,1,8,14,10,10,17,0,0,0,0,0,0,0,0,0,0,
71,Norwich,2019,39,LWLLWLLLDLLLWDLLDLLDDLWLDLLWLLLLLLLLLL,19,19,4,12,3,1,15,3,27606,,4,8,3,3,6,3,1,0,8,14,7,20,8,14,2,0,5,20,100.0,18,20,6,32,2,36,0,38,0,38,2,6,16,11,9,24,0,0,0,0,2,0,0,1,0,0,
52,Crystal Palace,2019,39,DLWWLDWWLDLLLWWDDLWDDDDLLLWWWWLLLLLLLD,19,19,6,8,5,5,9,5,26309,,1,4,5,7,5,7,2,0,7,5,5,15,5,11,2,0,10,16,100.0,22,16,9,29,0,38,0,38,0,38,4,6,11,10,18,13,0,0,0,1,0,0,0,1,0,0,
57,Ipswich,2019,39,,0,0,0,0,0,0,0,0,30311,,0,0,0,0,0,0,0,0,0,0,0,0,0,0,0,0,0,0,0.0,0,0,0,0,0,0,0,0,0,0,0,0,0,0,0,0,0,0,0,0,0,0,0,0,0,0,
47,Tottenham,2019,39,WDLDWLWLDLDDWWLWWLWDLLDWWWLLDDWLWDWWWD,19,19,12,4,3,4,7,8,62850,,9,9,11,10,8,9,2,0,8,8,6,9,11,5,3,0,8,7,100.0,31,7,19,19,8,30,2,36,1,37,5,7,15,12,19,26,0,0,0,0,1,0,1,1,0,0,
65,Nottingham Forest,2019,39,,0,0,0,0,0,0,0,0,30576,,0,0,0,0,0,0,0,0,0,0,0,0,0,0,0,0,0,0,0.0,0,0,0,0,0,0,0,0,0,0,0,0,0,0,0,0,0,0,0,0,0,0,0,0,0,0,
40,Liverpool,2019,39,WWWWWWWWDWWWWWWWWWWWWWWWWWWLWDWLWWDLWW,19,19,18,0,1,14,3,2,55212,,10,11,20,13,12,15,3,0,6,3,7,6,6,6,0,0,15,3,100.0,35,3,28,10,14,24,6,32,2,36,0,5,7,7,4,15,0,0,0,0,0,0,0,1,0,0,
41,Southampton,2019,39,LLWDWLLLDLLLDWWLLWWDWWLWLLWLLWLWWDDDWW,19,19,6,10,3,9,6,4,32689,,5,9,8,11,7,8,4,0,7,12,8,9,12,8,3,0,9,6,100.0,32,6,15,23,4,34,0,38,0,38,3,7,10,7,13,15,0,0,1,1,0,0,1,1,0,0,
63,Leeds,2019,39,,0,0,0,0,0,0,0,0,40204,,0,0,0,0,0,0,0,0,0,0,0,0,0,0,0,0,0,0,0.0,0,0,0,0,0,0,0,0,0,0,0,0,0,0,0,0,0,0,0,0,0,0,0,0,0,0,
62,Sheffield Utd,2019,39,DWLDLWLDWDWDDDLWWWDLLWDLWWDWDLLWDWWLLL,19,19,10,6,3,4,6,9,32702,,1,7,6,8,4,9,1,0,4,5,7,6,12,8,0,0,13,12,100.0,26,12,9,29,4,34,0,38,0,38,7,8,11,8,10,19,0,0,0,0,0,1,0,1,0,0,
1359,Luton,2017,39,,0,0,0,0,0,0,0,0,11500,,0,0,0,0,0,0,0,0,0,0,0,0,0,0,0,0,0,0,0.0,0,0,0,0,0,0,0,0,0,0,0,0,0,0,0,0,0,0,0,0,0,0,0,0,0,0,
38,Watford,2017,39,DWDWLWDWLLLWWLDLLLLWLLDLDWLWWLLDLLDLWL,19,19,7,6,6,4,13,2,22200,,9,2,5,5,8,10,4,0,5,11,12,9,9,13,6,0,9,14,100.0,24,14,16,22,3,35,1,37,0,38,3,11,9,10,7,25,0,0,0,1,2,0,0,1,0,0,
37,Huddersfield,2017,39,WWDLDDLLWLWLLLLWLWDDDLLLLLWWLDLLDWLDDL,19,19,6,8,5,3,11,5,24554,,4,5,5,6,1,2,3,0,3,10,5,17,15,8,2,0,10,21,100.0,17,21,6,32,3,35,2,36,0,38,5,8,10,9,16,18,0,0,0,0,0,1,1,1,0,0,
62,Sheffield Utd,2017,39,,0,0,0,0,0,0,0,0,32702,,0,0,0,0,0,0,0,0,0,0,0,0,0,0,0,0,0,0,0.0,0,0,0,0,0,0,0,0,0,0,0,0,0,0,0,0,0,0,0,0,0,0,0,0,0,0,
44,Burnley,2017,39,WLDWDDWDLWWWLWLWWDLDDLLLDDLDWWWWWLDDLL,19,19,7,7,5,7,5,7,22546,,4,6,7,1,10,7,1,0,4,6,0,5,13,7,4,0,12,13,0.0,25,13,9,29,2,36,0,38,0,38,3,6,13,9,13,21,0,0,0,0,0,0,0,0,0,0,
43,Cardiff,2017,39,,0,0,0,0,0,0,0,0,33280,,0,0,0,0,0,0,0,0,0,0,0,0,0,0,0,0,0,0,0.0,0,0,0,0,0,0,0,0,0,0,0,0,0,0,0,0,0,0,0,0,0,0,0,0,0,0,
42,Arsenal,2017,39,WLLWDWWLWWLWWWLDDWDWDDLWLWLLLWWWLWLWLW,19,19,15,2,2,4,11,4,60383,,11,8,9,17,13,12,3,0,8,10,3,7,12,9,3,0,13,6,100.0,32,6,18,20,13,25,7,31,4,34,0,5,9,13,13,17,0,0,1,0,0,0,0,1,0,0,
40,Liverpool,2016,39,WLDWWWWDWWWDWLDWWWWDDLDLWLWWDWDWWLWDWW,19,19,12,2,5,10,4,5,55212,,5,16,13,22,14,3,4,0,5,6,9,7,8,7,1,0,12,5,100.0,33,5,23,15,12,26,7,31,2,36,1,7,11,8,12,15,0,0,0,0,0,0,0,0,0,0,
48,West Ham,2017,39,LLLWDLWDLDLLDLLWDWLDWDWDDLWLLLWDDLLWDW,19,19,7,6,6,3,10,6,62500,,4,6,10,6,12,10,1,0,8,8,8,14,13,13,3,0,10,9,100.0,29,9,13,25,5,33,1,37,0,38,4,7,13,17,8,26,0,0,0,1,1,0,0,0,0,0,
47,Tottenham,2017,39,WLDWDWWWWLWLDLDWWLWWWDWDWDWWWWWWLDWLWW,19,19,13,2,4,10,5,4,62850,,8,9,7,21,12,10,4,0,7,8,2,5,6,8,3,0,16,4,100.0,34,4,19,19,11,27,7,31,3,35,3,5,5,9,13,17,0,0,0,0,0,1,1,0,0,0,
51,Brighton,2017,39,LLDWLWLDWDWDLDLLLDWLDDLLDWDWWLLDLDDWLL,19,19,7,4,8,2,12,5,31872,,5,5,4,12,8,4,0,0,8,8,8,9,6,10,1,0,10,17,100.0,21,17,8,30,4,34,1,37,0,38,3,2,7,11,11,20,0,0,0,0,0,0,1,1,0,0,
35,Bournemouth,2016,39,LLDWLWDWDLLWLWLWLLWDLDLLLLDWWDDLLWWDWD,19,19,9,6,4,3,10,6,12000,,9,9,8,7,10,12,3,0,7,14,7,12,11,7,6,0,10,9,100.0,29,9,14,24,7,31,3,35,1,37,6,5,14,6,10,14,0,0,0,0,1,0,0,2,0,0,
36,Fulham,2016,39,,0,0,0,0,0,0,0,0,25700,,0,0,0,0,0,0,0,0,0,0,0,0,0,0,0,0,0,0,0.0,0,0,0,0,0,0,0,0,0,0,0,0,0,0,0,0,0,0,0,0,0,0,0,0,0,0,
34,Newcastle,2016,39,,0,0,0,0,0,0,0,0,52758,,0,0,0,0,0,0,0,0,0,0,0,0,0,0,0,0,0,0,0.0,0,0,0,0,0,0,0,0,0,0,0,0,0,0,0,0,0,0,0,0,0,0,0,0,0,0,
65,Nottingham Forest,2017,39,,0,0,0,0,0,0,0,0,30576,,0,0,0,0,0,0,0,0,0,0,0,0,0,0,0,0,0,0,0.0,0,0,0,0,0,0,0,0,0,0,0,0,0,0,0,0,0,0,0,0,0,0,0,0,0,0,
39,Wolves,2016,39,,0,0,0,0,0,0,0,0,34624,,0,0,0,0,0,0,0,0,0,0,0,0,0,0,0,0,0,0,0.0,0,0,0,0,0,0,0,0,0,0,0,0,0,0,0,0,0,0,0,0,0,0,0,0,0,0,
49,Chelsea,2017,39,LWWWDWLLWWWWDWWLWWDWWDDWLLWLLWLDWWWWDL,19,19,11,4,4,10,6,3,41841,,8,12,8,8,12,13,1,0,2,4,6,8,12,3,3,0,16,8,100.0,30,8,17,21,9,29,5,33,1,37,1,10,2,9,4,20,0,0,1,1,0,0,0,2,0,0,
57,Ipswich,2017,39,,0,0,0,0,0,0,0,0,30311,,0,0,0,0,0,0,0,0,0,0,0,0,0,0,0,0,0,0,0.0,0,0,0,0,0,0,0,0,0,0,0,0,0,0,0,0,0,0,0,0,0,0,0,0,0,0,
45,Everton,2016,39,DWWWWLDDLWLDLDLWLWDWWWDWDWLWWLDWWDLLWL,19,19,13,2,4,4,9,6,40569,,4,8,8,12,5,16,6,0,8,7,7,10,7,4,4,0,13,8,100.0,30,8,17,21,9,29,4,34,1,37,3,12,12,8,17,22,0,0,0,0,0,0,0,2,0,0,
41,Southampton,2017,39,DWDLWLLDWDLLWLDDLLDLDLDDDWLDDLLLLDWDWL,19,19,4,8,7,3,8,8,32689,,4,7,4,7,9,4,1,0,7,7,12,10,11,7,3,0,8,14,100.0,24,14,9,29,3,35,1,37,0,38,1,3,11,13,9,28,0,0,0,0,0,0,0,2,0,0,
33,Manchester United,2016,39,WWWLLWDDLDWDDDWWWWWWDDDWWDWDDWWWDDLLDW,19,19,8,1,10,10,4,5,76212,,4,10,13,9,7,8,4,0,4,3,3,4,6,6,2,0,17,8,100.0,30,8,16,22,7,31,1,37,0,38,2,10,11,12,12,33,0,0,0,0,0,0,1,1,0,0,
50,Manchester City,2016,39,WWWWWWLDDWDWWLLWWWLWLDWWWWDDDLWWDDWWWW,19,19,11,1,7,12,5,2,55097,,10,13,12,14,10,13,4,0,7,2,9,7,6,9,3,0,12,5,100.0,33,5,27,11,12,26,6,32,2,36,4,5,12,17,13,20,0,0,0,0,1,0,0,3,0,0,
55,Brentford,2016,39,,0,0,0,0,0,0,0,0,17250,,0,0,0,0,0,0,0,0,0,0,0,0,0,0,0,0,0,0,0.0,0,0,0,0,0,0,0,0,0,0,0,0,0,0,0,0,0,0,0,0,0,0,0,0,0,0,
47,Tottenham,2016,39,DWDWWWWDDDDWLWLWWWWWWDDWLWWWWWWWWWLWWW,19,19,17,0,2,9,4,6,62850,,9,8,14,22,11,14,7,0,4,6,2,6,5,2,2,0,17,5,100.0,33,5,23,15,14,24,10,28,3,35,6,6,11,10,13,16,0,0,0,0,0,0,0,0,0,0,
46,Leicester,2016,39,LDWLWLDLWDLLDLWLDLWDLLLLLWWWWWLDLWWLLD,19,19,10,5,4,2,13,4,34310,,8,5,9,14,4,6,2,0,9,6,15,11,8,12,2,0,9,12,100.0,26,12,14,24,7,31,1,37,0,38,1,8,16,16,13,18,0,0,0,1,0,0,0,0,0,0,
66,Aston Villa,2016,39,,0,0,0,0,0,0,0,0,42788,,0,0,0,0,0,0,0,0,0,0,0,0,0,0,0,0,0,0,0.0,0,0,0,0,0,0,0,0,0,0,0,0,0,0,0,0,0,0,0,0,0,0,0,0,0,0,
42,Arsenal,2015,39,LWDWWLWWWWWDLDWWWLWWDDLDWWLLDWWDDWDWDW,19,19,12,3,4,8,4,7,60383,,10,10,15,7,12,7,3,0,3,5,9,9,4,4,3,0,18,8,100.0,30,8,22,16,9,29,3,35,1,37,1,4,12,6,10,10,0,0,0,1,1,1,0,1,0,0,
39,Wolves,2015,39,,0,0,0,0,0,0,0,0,34624,,0,0,0,0,0,0,0,0,0,0,0,0,0,0,0,0,0,0,0.0,0,0,0,0,0,0,0,0,0,0,0,0,0,0,0,0,0,0,0,0,0,0,0,0,0,0,
45,Everton,2014,39,DDLWLDLWWDDWLDLWLLLLDDWDLDLLWWWDWWLLWL,19,19,7,5,7,5,10,4,40569,,7,9,9,6,6,8,4,0,3,7,7,6,14,12,0,0,10,12,100.0,26,12,16,22,6,32,0,38,0,38,3,1,2,4,4,10,0,0,0,0,0,0,0,2,0,0,
34,Newcastle,2014,39,LDDLDLDWWWWWLDWLLLWDLLWDDLWLLLLLLLLDLW,19,19,7,7,5,3,12,4,52758,,1,5,8,9,9,9,0,0,10,10,5,18,7,7,5,0,8,13,100.0,25,13,11,27,4,34,0,38,0,38,1,3,2,6,3,1,0,0,0,0,0,1,0,0,0,0,
41,Southampton,2015,39,DLDWDLWWDDWWLLDLLWLLWWWDWWLLDWWLWDWWWW,19,19,11,5,3,7,6,6,32689,,7,7,10,7,16,8,3,0,4,5,10,4,8,10,1,0,12,10,100.0,28,10,17,21,10,28,4,34,0,38,5,8,7,10,11,21,0,0,0,0,0,1,1,4,0,0,
46,Leicester,2015,39,WWDDWDLWDWWWWDWWWLDDWDWWWLWDWWWWWDWDWD,19,19,12,1,6,11,2,6,34310,,6,13,7,13,14,12,3,0,3,5,4,5,8,9,2,0,15,3,100.0,35,3,21,17,10,28,2,36,0,38,2,4,4,15,8,21,0,0,0,0,0,2,0,1,0,0,
33,Manchester United,2015,39,WWDLWWWLWDDWWDDLLLDWDWLWDLWWLWWLWWDWLW,19,19,12,2,5,7,8,4,76212,,4,7,6,12,9,8,2,0,7,6,3,2,8,9,1,0,18,10,100.0,28,10,13,25,8,30,0,38,0,38,3,11,6,13,18,15,0,0,0,1,0,0,0,0,0,0,
55,Brentford,2015,39,,0,0,0,0,0,0,0,0,17250,,0,0,0,0,0,0,0,0,0,0,0,0,0,0,0,0,0,0,0.0,0,0,0,0,0,0,0,0,0,0,0,0,0,0,0,0,0,0,0,0,0,0,0,0,0,0,
40,Liverpool,2015,39,WWDLLDWDDDWLWWLDLWWLDLWLDWWWLDWWWDLWDD,19,19,8,3,8,8,7,4,55212,,4,11,9,12,15,8,4,0,8,7,4,8,10,9,4,0,11,8,100.0,30,8,16,22,9,29,5,33,2,36,4,8,11,11,12,19,0,0,0,0,0,1,1,1,0,0,
66,Aston Villa,2015,39,WLLDLLLLLLLDLLDLDDLLWDDLWLLLLLLLLLLLDL,19,19,2,12,5,1,15,3,42788,,1,1,5,5,10,6,1,0,7,11,8,21,12,11,4,0,6,18,100.0,20,18,7,31,0,38,0,38,0,38,3,4,18,4,10,37,0,0,0,1,0,0,1,1,0,0,
45,Everton,2015,39,DWLDWDWDLLWDWDDDLWLDDDLWWLWLLLDDDLWLLW,19,19,6,8,5,5,5,9,40569,,5,13,9,9,6,11,3,0,5,7,12,12,7,12,3,0,10,11,100.0,27,11,16,22,12,26,2,36,1,37,0,3,13,8,16,10,0,0,0,0,1,2,0,2,0,0,
50,Manchester City,2015,39,WWWWWLLWWDWDLWLWLWDWDWDWLLLWDLWWWDWLDD,19,19,12,5,2,7,5,7,55097,,12,11,8,17,9,14,2,0,7,6,7,11,3,5,0,0,16,8,100.0,30,8,20,18,11,27,7,31,2,36,2,5,15,9,7,20,0,0,0,0,0,0,0,0,0,0,
36,Fulham,2015,39,,0,0,0,0,0,0,0,0,25700,,0,0,0,0,0,0,0,0,0,0,0,0,0,0,0,0,0,0,0.0,0,0,0,0,0,0,0,0,0,0,0,0,0,0,0,0,0,0,0,0,0,0,0,0,0,0,
52,Crystal Palace,2015,39,WLWWLLWWLLDWLWDWWDDLLLLLDLLDLLDWDDLLWL,19,19,6,10,3,5,8,6,26309,,3,5,4,8,10,9,2,0,3,9,8,7,8,11,3,0,8,14,100.0,24,14,11,27,2,36,1,37,1,37,3,7,11,11,12,17,0,0,0,0,1,0,0,1,0,0,
34,Newcastle,2015,39,DLDLLLDLWLDWLLWWDLLLDWLLWLLLLDLLWDDWDW,19,19,7,5,7,2,14,3,52758,,4,5,9,5,10,10,2,0,10,8,7,16,8,10,5,0,8,14,100.0,24,14,11,27,4,34,2,36,2,36,5,10,12,11,8,15,0,0,0,1,2,0,1,1,0,0,
35,Bournemouth,2015,39,LLWDLWLDLLLLDDWWWDLDLWDWLLDWWWLLWLLLDL,19,19,5,9,5,6,9,4,12000,,9,6,4,7,4,10,3,0,9,16,11,10,10,9,4,0,7,11,100.0,27,11,12,26,5,33,1,37,0,38,1,7,10,5,9,21,0,0,0,0,0,1,0,0,0,0,
57,Ipswich,2015,39,,0,0,0,0,0,0,0,0,30311,,0,0,0,0,0,0,0,0,0,0,0,0,0,0,0,0,0,0,0.0,0,0,0,0,0,0,0,0,0,0,0,0,0,0,0,0,0,0,0,0,0,0,0,0,0,0,
51,Brighton,2015,39,,0,0,0,0,0,0,0,0,31872,,0,0,0,0,0,0,0,0,0,0,0,0,0,0,0,0,0,0,0.0,0,0,0,0,0,0,0,0,0,0,0,0,0,0,0,0,0,0,0,0,0,0,0,0,0,0,
47,Tottenham,2015,39,LDDDWWWDDWWDWDDLWWWDLWWWWWWLDWWDWWDDLL,19,19,10,3,6,9,3,7,62850,,6,12,12,12,14,13,2,0,2,5,7,2,5,11,1,0,13,6,100.0,32,6,20,18,11,27,5,33,1,37,1,7,10,14,16,24,0,0,0,0,0,0,0,0,0,0,
40,Liverpool,2014,39,WLWLLDWWDLLLWWDLDWWDWWWDWWWWWLLWDLWDLL,19,19,10,4,5,8,8,3,55212,,8,9,5,7,10,9,2,0,7,6,9,9,9,6,4,0,14,8,100.0,30,8,16,22,5,33,1,37,0,38,1,3,4,4,0,7,0,0,0,0,0,0,0,0,0,0,
65,Nottingham Forest,2015,39,,0,0,0,0,0,0,0,0,30576,,0,0,0,0,0,0,0,0,0,0,0,0,0,0,0,0,0,0,0.0,0,0,0,0,0,0,0,0,0,0,0,0,0,0,0,0,0,0,0,0,0,0,0,0,0,0,
37,Huddersfield,2015,39,,0,0,0,0,0,0,0,0,24554,,0,0,0,0,0,0,0,0,0,0,0,0,0,0,0,0,0,0,0.0,0,0,0,0,0,0,0,0,0,0,0,0,0,0,0,0,0,0,0,0,0,0,0,0,0,0,
41,Southampton,2014,39,LDWWWWLWWWWDLLLLWWDWWWLWDLLWDWLWLDLLWL,19,19,11,4,4,7,10,2,32689,,5,10,7,7,8,10,2,0,6,7,4,6,6,9,0,0,15,12,100.0,26,12,13,25,6,32,3,35,2,36,0,3,3,0,8,4,0,0,0,0,0,0,0,1,0,0,
49,Chelsea,2015,39,DLWLLWDLWLLLWDLLWDDWDDWDDWWWDDWLLWDLDD,19,19,5,5,9,7,7,5,41841,,9,8,7,13,8,8,4,0,0,7,13,12,9,13,1,0,9,8,100.0,30,8,18,20,7,31,3,35,1,37,2,6,14,7,15,18,0,0,0,0,1,2,0,2,0,0,
48,West Ham,2015,39,WLLWWWDDWWLDLDDDDDWWWLDWLDWWWDDDDWWLWL,19,19,9,3,7,7,5,7,62500,,9,9,7,17,5,16,3,0,9,9,6,10,8,6,2,0,11,5,100.0,33,5,23,15,9,29,0,38,0,38,5,9,13,3,15,12,0,0,0,0,0,0,1,4,0,0,
50,Manchester City,2014,39,WWLDDWWWLWDWWWWWWWDWDLDDWWLWLWLLWWWWWW,19,19,14,2,3,10,5,4,55097,,10,12,14,10,16,20,3,0,4,6,6,3,13,4,0,0,14,3,100.0,35,3,24,14,14,24,7,31,2,36,0,0,4,7,3,6,0,0,0,0,0,0,0,0,0,0,
55,Brentford,2014,39,,0,0,0,0,0,0,0,0,17250,,0,0,0,0,0,0,0,0,0,0,0,0,0,0,0,0,0,0,0.0,0,0,0,0,0,0,0,0,0,0,0,0,0,0,0,0,0,0,0,0,0,0,0,0,0,0,
33,Manchester United,2014,39,LDDWLWWDDLWWWWWWDWDDLWWDWLWWWWWWLLLWDD,19,19,14,3,2,6,5,8,76212,,8,15,8,10,8,8,4,0,5,5,6,5,10,6,1,0,11,8,100.0,30,8,20,18,10,28,2,36,0,38,0,0,5,4,2,9,0,0,0,0,0,0,0,1,0,0,
43,Cardiff,2015,39,,0,0,0,0,0,0,0,0,33280,,0,0,0,0,0,0,0,0,0,0,0,0,0,0,0,0,0,0,0.0,0,0,0,0,0,0,0,0,0,0,0,0,0,0,0,0,0,0,0,0,0,0,0,0,0,0,
39,Wolves,2014,39,,0,0,0,0,0,0,0,0,34624,,0,0,0,0,0,0,0,0,0,0,0,0,0,0,0,0,0,0,0.0,0,0,0,0,0,0,0,0,0,0,0,0,0,0,0,0,0,0,0,0,0,0,0,0,0,0,
52,Crystal Palace,2014,39,LLDDWWLLDLLWDLDDLLDDWWLWDLWLWWWWLLLLWW,19,19,6,10,3,7,6,6,26309,,2,6,7,17,5,6,3,0,10,4,7,12,4,11,4,0,7,13,100.0,25,13,13,25,8,30,1,37,0,38,0,4,2,3,2,8,0,0,0,0,0,0,1,0,0,0,
36,Fulham,2014,39,,0,0,0,0,0,0,0,0,25700,,0,0,0,0,0,0,0,0,0,0,0,0,0,0,0,0,0,0,0.0,0,0,0,0,0,0,0,0,0,0,0,0,0,0,0,0,0,0,0,0,0,0,0,0,0,0,
35,Bournemouth,2014,39,,0,0,0,0,0,0,0,0,12000,,0,0,0,0,0,0,0,0,0,0,0,0,0,0,0,0,0,0,0.0,0,0,0,0,0,0,0,0,0,0,0,0,0,0,0,0,0,0,0,0,0,0,0,0,0,0,
48,West Ham,2014,39,LWLDWLWWWDDLWWWDWLLDDWLDDDLLLWLDLDWLLL,19,19,9,6,4,3,9,7,62500,,4,7,7,12,11,4,0,0,4,6,10,7,6,8,5,0,9,11,100.0,27,11,12,26,5,33,0,38,0,38,2,1,2,4,3,3,0,0,0,0,0,0,1,0,0,0,
43,Cardiff,2014,39,,0,0,0,0,0,0,0,0,33280,,0,0,0,0,0,0,0,0,0,0,0,0,0,0,0,0,0,0,0.0,0,0,0,0,0,0,0,0,0,0,0,0,0,0,0,0,0,0,0,0,0,0,0,0,0,0,
65,Nottingham Forest,2014,39,,0,0,0,0,0,0,0,0,30576,,0,0,0,0,0,0,0,0,0,0,0,0,0,0,0,0,0,0,0.0,0,0,0,0,0,0,0,0,0,0,0,0,0,0,0,0,0,0,0,0,0,0,0,0,0,0,
75,Stoke City,2014,39,LDWLDWLWLDWLLLWDLWWDLWWDLWWWLLLDWDLWDW,19,19,10,6,3,5,8,6,30089,,8,6,16,5,3,7,3,0,8,6,9,6,8,7,1,0,9,9,100.0,29,9,12,26,4,34,1,37,1,37,1,2,3,3,5,5,0,0,0,0,0,0,0,0,0,0,
37,Huddersfield,2014,39,,0,0,0,0,0,0,0,0,24554,,0,0,0,0,0,0,0,0,0,0,0,0,0,0,0,0,0,0,0.0,0,0,0,0,0,0,0,0,0,0,0,0,0,0,0,0,0,0,0,0,0,0,0,0,0,0,
49,Chelsea,2014,39,WWWWDWWWDWWWDWLWWWDLWWDWWDWDWWWWDWWDLW,19,19,15,0,4,11,3,5,41841,,16,9,12,7,13,16,0,0,3,6,5,7,3,7,1,0,17,3,100.0,35,3,22,16,10,28,3,35,2,36,2,1,2,0,5,6,0,0,0,0,0,0,1,0,0,0,
42,Arsenal,2011,39,DLLWLWLWWWWWDWWLWDWLLLDWWWWWWWLWWLDDDW,19,19,12,3,4,9,7,3,60383,,12,12,10,12,16,11,6,0,9,7,8,5,7,5,3,0,13,5,100.0,33,5,20,18,12,26,4,34,3,35,0,0,0,0,0,0,0,0,0,0,0,0,0,0,0,0,
39,Wolves,2012,39,,0,0,0,0,0,0,0,0,34624,,0,0,0,0,0,0,0,0,0,0,0,0,0,0,0,0,0,0,0.0,0,0,0,0,0,0,0,0,0,0,0,0,0,0,0,0,0,0,0,0,0,0,0,0,0,0,
50,Manchester City,2011,39,WWWWDWWWWWWWDWLWWDLWWWLWWWWLWDDLWWWWWW,19,19,18,0,1,10,5,4,55097,,5,10,13,20,22,13,9,0,0,3,3,9,8,6,1,0,17,5,100.0,33,5,26,12,20,18,8,30,4,34,0,0,0,0,0,0,0,0,0,0,0,0,0,0,0,0,
55,Brentford,2012,39,,0,0,0,0,0,0,0,0,17250,,0,0,0,0,0,0,0,0,0,0,0,0,0,0,0,0,0,0,0.0,0,0,0,0,0,0,0,0,0,0,0,0,0,0,0,0,0,0,0,0,0,0,0,0,0,0,
46,Leicester,2013,39,,0,0,0,0,0,0,0,0,34310,,0,0,0,0,0,0,0,0,0,0,0,0,0,0,0,0,0,0,0.0,0,0,0,0,0,0,0,0,0,0,0,0,0,0,0,0,0,0,0,0,0,0,0,0,0,0,
47,Tottenham,2011,39,LLWWWWDWWWWWWLWDWDWWDLWDWLLLDDWDLLWWDW,19,19,13,3,3,7,6,6,62850,,11,7,11,8,22,4,4,0,3,5,7,11,7,5,2,0,14,6,100.0,32,6,21,17,9,29,3,35,1,37,0,0,0,0,0,0,0,0,0,0,0,0,0,0,0,0,
34,Newcastle,2013,39,LDWWLLWDLWWWWLWDWWLLLWDLLLWWLWLLLLLLWL,19,19,8,8,3,7,11,1,52758,,4,8,7,8,5,6,5,0,4,11,7,12,12,10,3,0,10,16,100.0,22,16,13,25,5,33,2,36,1,37,0,0,0,0,0,0,0,0,0,0,0,0,0,0,0,0,
66,Aston Villa,2013,39,WLLLWWDLLDWDDWLLLLDWLDWLLDLWWLLLLDLWLL,19,19,6,10,3,4,10,5,42788,,9,8,6,3,9,7,0,0,8,9,10,9,11,6,5,0,9,16,100.0,22,16,9,29,6,32,2,36,0,38,0,0,0,0,0,0,0,0,0,0,0,0,0,0,0,0,
36,Fulham,2012,39,WLLWWLDWDDDLLDLWLLDLWDLWLDWDWWLDLLLLLW,19,19,7,9,3,4,8,7,25700,,5,7,7,7,7,10,1,0,8,7,11,11,16,9,4,0,8,12,100.0,26,12,15,23,7,31,1,37,1,37,0,0,0,0,0,0,0,0,0,0,0,0,0,0,0,0,
35,Bournemouth,2013,39,,0,0,0,0,0,0,0,0,12000,,0,0,0,0,0,0,0,0,0,0,0,0,0,0,0,0,0,0,0.0,0,0,0,0,0,0,0,0,0,0,0,0,0,0,0,0,0,0,0,0,0,0,0,0,0,0,
52,Crystal Palace,2013,39,LLWLLLLLLLDWLWWLLWLDLWWLWLDLDLWWWWWLDD,19,19,8,8,3,5,11,3,26309,,4,5,5,4,3,10,2,0,3,7,7,15,9,5,2,0,12,17,100.0,21,17,7,31,5,33,0,38,0,38,0,0,0,0,0,0,0,0,0,0,0,0,0,0,0,0,
55,Brentford,2013,39,,0,0,0,0,0,0,0,0,17250,,0,0,0,0,0,0,0,0,0,0,0,0,0,0,0,0,0,0,0.0,0,0,0,0,0,0,0,0,0,0,0,0,0,0,0,0,0,0,0,0,0,0,0,0,0,0,
36,Fulham,2013,39,WLLDLLWWLLLLLLWLLWLWLLLLDLDLLWLLWWLDLD,19,19,5,11,3,4,13,2,25700,,0,7,6,11,11,5,2,0,7,9,8,11,23,21,4,0,5,10,100.0,28,10,10,28,1,37,1,37,0,38,0,0,0,0,0,0,0,0,0,0,0,0,0,0,0,0,
33,Manchester United,2013,39,WDLWLLWDWWWDDLLWWWWLWLWLDDWWLWLWWLWLWD,19,19,9,7,3,10,5,4,76212,,5,9,13,13,12,9,3,0,7,7,6,9,6,6,2,0,13,9,100.0,29,9,20,18,11,27,4,34,0,38,0,0,0,0,0,0,0,0,0,0,0,0,0,0,0,0,
47,Tottenham,2013,39,WWLWWDLWWDLLDWWLWDWWWWLDWWLWLLWLWDWWLW,19,19,11,5,3,10,6,3,62850,,2,8,11,10,12,6,4,0,8,6,10,14,6,8,1,0,14,11,100.0,27,11,16,22,9,29,2,36,1,37,0,0,0,0,0,0,0,0,0,0,0,0,0,0,0,0,
39,Wolves,2013,39,,0,0,0,0,0,0,0,0,34624,,0,0,0,0,0,0,0,0,0,0,0,0,0,0,0,0,0,0,0.0,0,0,0,0,0,0,0,0,0,0,0,0,0,0,0,0,0,0,0,0,0,0,0,0,0,0,
50,Manchester City,2013,39,WLWDWLWWLWLWWWDWWWWWWWWLDWWWWDWLDWWWWW,19,19,17,1,1,10,5,4,55097,,17,11,12,24,12,19,5,0,2,7,6,7,7,6,4,0,16,4,100.0,34,4,29,9,19,19,11,27,5,33,0,0,0,0,0,0,0,0,0,0,0,0,0,0,0,0,
65,Nottingham Forest,2012,39,,0,0,0,0,0,0,0,0,30576,,0,0,0,0,0,0,0,0,0,0,0,0,0,0,0,0,0,0,0.0,0,0,0,0,0,0,0,0,0,0,0,0,0,0,0,0,0,0,0,0,0,0,0,0,0,0,
43,Cardiff,2013,39,LWDDLWLLDWLDLDLWLLDLLLLWLDLLWLLDLWDLLL,19,19,5,9,5,2,13,4,33280,,5,3,1,9,6,3,4,0,9,10,12,11,7,16,10,0,7,19,100.0,19,19,9,29,4,34,0,38,0,38,0,0,0,0,0,0,0,0,0,0,0,0,0,0,0,0,
57,Ipswich,2013,39,,0,0,0,0,0,0,0,0,30311,,0,0,0,0,0,0,0,0,0,0,0,0,0,0,0,0,0,0,0.0,0,0,0,0,0,0,0,0,0,0,0,0,0,0,0,0,0,0,0,0,0,0,0,0,0,0,
51,Brighton,2013,39,,0,0,0,0,0,0,0,0,31872,,0,0,0,0,0,0,0,0,0,0,0,0,0,0,0,0,0,0,0.0,0,0,0,0,0,0,0,0,0,0,0,0,0,0,0,0,0,0,0,0,0,0,0,0,0,0,
75,Stoke City,2013,39,LWWDLLLDLDDWLDWDWLLDLLLWDDLWDWWWLWDLWW,19,19,10,3,6,3,11,5,30089,,4,7,10,7,6,9,1,0,5,2,14,13,10,8,1,0,9,14,100.0,24,14,13,25,6,32,2,36,0,38,0,0,0,0,0,0,0,0,0,0,0,0,0,0,0,0,
65,Nottingham Forest,2013,39,,0,0,0,0,0,0,0,0,30576,,0,0,0,0,0,0,0,0,0,0,0,0,0,0,0,0,0,0,0.0,0,0,0,0,0,0,0,0,0,0,0,0,0,0,0,0,0,0,0,0,0,0,0,0,0,0,
60,West Brom,2013,39,LDLDWWDDLWDDLLLLDDDWLDLDLDDLWLDWDLWLLL,19,19,4,6,9,3,10,6,28003,,8,4,7,6,7,7,4,0,12,10,10,4,12,8,3,0,7,11,100.0,27,11,11,27,5,33,0,38,0,38,0,0,0,0,0,0,0,0,0,0,0,0,0,0,0,0,
48,West Ham,2013,39,WDLDLLWLDDLLWLLDLLDLWLDWWWWLLLWWLLLLWL,19,19,7,9,3,4,11,4,62500,,5,4,6,8,5,7,2,0,4,5,11,10,11,11,2,0,14,15,100.0,23,15,13,25,4,34,0,38,0,38,0,0,0,0,0,0,0,0,0,0,0,0,0,0,0,0,
49,Chelsea,2013,39,WWDLWDWWWLDWWWLWDWWWWWDWWDWWWLWLWWLWDW,19,19,15,1,3,10,5,4,41841,,6,9,12,12,16,12,3,0,6,3,1,5,5,8,0,0,18,8,100.0,30,8,23,15,12,26,4,34,1,37,0,0,0,0,0,0,0,0,0,0,0,0,0,0,0,0,
57,Ipswich,2012,39,,0,0,0,0,0,0,0,0,30311,,0,0,0,0,0,0,0,0,0,0,0,0,0,0,0,0,0,0,0.0,0,0,0,0,0,0,0,0,0,0,0,0,0,0,0,0,0,0,0,0,0,0,0,0,0,0,
40,Liverpool,2012,39,LDLDLWDWDDDWDLWWLWLWWLWDDLWWWLWDDDWDWW,19,19,9,4,6,7,5,7,55212,,8,12,9,20,12,5,2,0,5,8,10,6,8,9,0,0,16,8,100.0,30,8,18,20,12,26,6,32,4,34,0,0,0,0,0,0,0,0,0,0,0,0,0,0,0,0,
35,Bournemouth,2012,39,,0,0,0,0,0,0,0,0,12000,,0,0,0,0,0,0,0,0,0,0,0,0,0,0,0,0,0,0,0.0,0,0,0,0,0,0,0,0,0,0,0,0,0,0,0,0,0,0,0,0,0,0,0,0,0,0,
52,Crystal Palace,2011,39,,0,0,0,0,0,0,0,0,26309,,0,0,0,0,0,0,0,0,0,0,0,0,0,0,0,0,0,0,0.0,0,0,0,0,0,0,0,0,0,0,0,0,0,0,0,0,0,0,0,0,0,0,0,0,0,0,
57,Ipswich,2011,39,,0,0,0,0,0,0,0,0,30311,,0,0,0,0,0,0,0,0,0,0,0,0,0,0,0,0,0,0,0.0,0,0,0,0,0,0,0,0,0,0,0,0,0,0,0,0,0,0,0,0,0,0,0,0,0,0,
51,Brighton,2012,39,,0,0,0,0,0,0,0,0,31872,,0,0,0,0,0,0,0,0,0,0,0,0,0,0,0,0,0,0,0.0,0,0,0,0,0,0,0,0,0,0,0,0,0,0,0,0,0,0,0,0,0,0,0,0,0,0,
46,Leicester,2012,39,,0,0,0,0,0,0,0,0,34310,,0,0,0,0,0,0,0,0,0,0,0,0,0,0,0,0,0,0,0.0,0,0,0,0,0,0,0,0,0,0,0,0,0,0,0,0,0,0,0,0,0,0,0,0,0,0,
35,Bournemouth,2011,39,,0,0,0,0,0,0,0,0,12000,,0,0,0,0,0,0,0,0,0,0,0,0,0,0,0,0,0,0,0.0,0,0,0,0,0,0,0,0,0,0,0,0,0,0,0,0,0,0,0,0,0,0,0,0,0,0,
36,Fulham,2011,39,DLLDDDWLLWLDDWLWLDDWLWDLWWWLLLWWDWLWWL,19,19,10,4,5,4,10,5,25700,,6,4,9,8,8,9,1,0,7,5,9,11,5,12,5,0,11,13,100.0,25,13,12,26,4,34,3,35,3,35,0,0,0,0,0,0,0,0,0,0,0,0,0,0,0,0,
55,Brentford,2011,39,,0,0,0,0,0,0,0,0,17250,,0,0,0,0,0,0,0,0,0,0,0,0,0,0,0,0,0,0,0.0,0,0,0,0,0,0,0,0,0,0,0,0,0,0,0,0,0,0,0,0,0,0,0,0,0,0,
63,Leeds,2012,39,,0,0,0,0,0,0,0,0,40204,,0,0,0,0,0,0,0,0,0,0,0,0,0,0,0,0,0,0,0.0,0,0,0,0,0,0,0,0,0,0,0,0,0,0,0,0,0,0,0,0,0,0,0,0,0,0,
42,Arsenal,2012,39,DDWWDLWLWLDWDDLWWWWDLLWDWWWLWWWWDWDWWW,19,19,11,3,5,10,4,5,60383,,8,6,10,14,13,13,5,0,5,8,12,4,9,1,1,0,14,7,100.0,31,7,16,22,10,28,7,31,5,33,0,0,0,0,0,0,0,0,0,0,0,0,0,0,0,0,
34,Newcastle,2011,39,DWWDDWWDWWWLDLLDLWLWWLWWLDDLWWWWWWLWLL,19,19,11,3,5,8,8,3,52758,,8,9,7,8,9,7,3,0,8,7,9,9,12,9,2,0,15,7,100.0,31,7,20,18,5,33,0,38,0,38,0,0,0,0,0,0,0,0,0,0,0,0,0,0,0,0,
45,Everton,2011,39,LWDWLLLWLLWWLLDWDWLLDDWDWDWLLWWDWDWDDW,19,19,10,6,3,5,6,8,40569,,4,7,5,7,11,14,3,0,2,5,10,5,12,4,1,0,12,10,100.0,28,10,13,25,6,32,3,35,0,38,0,0,0,0,0,0,0,0,0,0,0,0,0,0,0,0,
46,Leicester,2011,39,,0,0,0,0,0,0,0,0,34310,,0,0,0,0,0,0,0,0,0,0,0,0,0,0,0,0,0,0,0.0,0,0,0,0,0,0,0,0,0,0,0,0,0,0,0,0,0,0,0,0,0,0,0,0,0,0,
33,Manchester United,2011,39,WWWWWDWDLWWWDWWWWWLLWWWDWWWWWWWWLWDLWW,19,19,15,2,2,13,3,3,76212,,10,13,15,16,17,15,3,0,0,2,4,11,6,8,2,0,20,3,100.0,35,3,25,13,13,25,8,30,5,33,0,0,0,0,0,0,0,0,0,0,0,0,0,0,0,0,
66,Aston Villa,2011,39,DWDDDDWLLDWLDLWLLDWLDWDLLDDWLLDDLDLDDL,19,19,4,8,7,3,6,10,42788,,4,7,6,6,6,9,1,0,8,11,5,8,10,6,3,0,9,15,100.0,23,15,10,28,4,34,0,38,0,38,0,0,0,0,0,0,0,0,0,0,0,0,0,0,0,0,
39,Wolves,2011,39,WWDLLLLLDLWLLWLLDDDLDLLWLDLLLLLLLDLDDL,19,19,3,13,3,2,10,7,34624,,2,7,7,12,6,8,0,0,15,12,13,11,13,16,0,0,4,13,100.0,25,13,12,26,2,36,1,37,0,38,0,0,0,0,0,0,0,0,0,0,0,0,0,0,0,0,
41,Southampton,2011,39,,0,0,0,0,0,0,0,0,32689,,0,0,0,0,0,0,0,0,0,0,0,0,0,0,0,0,0,0,0.0,0,0,0,0,0,0,0,0,0,0,0,0,0,0,0,0,0,0,0,0,0,0,0,0,0,0,
1359,Luton,2011,39,,0,0,0,0,0,0,0,0,11500,,0,0,0,0,0,0,0,0,0,0,0,0,0,0,0,0,0,0,0.0,0,0,0,0,0,0,0,0,0,0,0,0,0,0,0,0,0,0,0,0,0,0,0,0,0,0,
65,Nottingham Forest,2011,39,,0,0,0,0,0,0,0,0,30576,,0,0,0,0,0,0,0,0,0,0,0,0,0,0,0,0,0,0,0.0,0,0,0,0,0,0,0,0,0,0,0,0,0,0,0,0,0,0,0,0,0,0,0,0,0,0,
40,Liverpool,2011,39,DWWLLWWDDWDWDLWWDDWLDLWDLLLWLLLDWLWLWL,19,19,6,4,9,8,10,1,55212,,7,7,5,10,6,7,3,0,5,6,5,9,7,6,4,0,12,13,100.0,25,13,14,24,7,31,1,37,0,38,0,0,0,0,0,0,0,0,0,0,0,0,0,0,0,0,
51,Brighton,2011,39,,0,0,0,0,0,0,0,0,31872,,0,0,0,0,0,0,0,0,0,0,0,0,0,0,0,0,0,0,0.0,0,0,0,0,0,0,0,0,0,0,0,0,0,0,0,0,0,0,0,0,0,0,0,0,0,0,
75,Stoke City,2011,39,DDWWLDLWLLLLWWWWLDDWDLLLLWWLDDLWDLDDLD,19,19,7,4,8,4,11,4,30089,,6,5,6,3,9,8,1,0,6,10,10,8,6,9,2,0,9,13,100.0,25,13,10,28,1,37,0,38,0,38,0,0,0,0,0,0,0,0,0,0,0,0,0,0,0,0,
43,Cardiff,2011,39,,0,0,0,0,0,0,0,0,33280,,0,0,0,0,0,0,0,0,0,0,0,0,0,0,0,0,0,0,0.0,0,0,0,0,0,0,0,0,0,0,0,0,0,0,0,0,0,0,0,0,0,0,0,0,0,0,
49,Chelsea,2011,39,DWWWLWWWLLWLWWWDDDLWWDDDLWLWLDWWDDWLLW,19,19,12,4,3,6,6,7,41841,,9,10,9,16,6,9,5,0,6,4,6,6,4,18,3,0,10,8,100.0,30,8,17,21,11,27,4,34,2,36,0,0,0,0,0,0,0,0,0,0,0,0,0,0,0,0,
48,West Ham,2011,39,,0,0,0,0,0,0,0,0,62500,,0,0,0,0,0,0,0,0,0,0,0,0,0,0,0,0,0,0,0.0,0,0,0,0,0,0,0,0,0,0,0,0,0,0,0,0,0,0,0,0,0,0,0,0,0,0,
35,Bournemouth,2010,39,,0,0,0,0,0,0,0,0,12000,,0,0,0,0,0,0,0,0,0,0,0,0,0,0,0,0,0,0,0.0,0,0,0,0,0,0,0,0,0,0,0,0,0,0,0,0,0,0,0,0,0,0,0,0,0,0,
66,Aston Villa,2010,39,WLWLDWLDLDDWDLLLWLLDLDWWLDDWLLDWWDLDW,18,19,7,4,7,4,10,5,42788,,7,8,6,7,9,6,2,0,10,5,11,7,8,17,3,0,6,9,100.0,28,9,14,23,4,33,1,36,0,37,0,0,0,0,0,0,0,0,0,0,0,0,0,0,0,0,
55,Brentford,2010,39,,0,0,0,0,0,0,0,0,17250,,0,0,0,0,0,0,0,0,0,0,0,0,0,0,0,0,0,0,0.0,0,0,0,0,0,0,0,0,0,0,0,0,0,0,0,0,0,0,0,0,0,0,0,0,0,0,
41,Southampton,2010,39,,0,0,0,0,0,0,0,0,32689,,0,0,0,0,0,0,0,0,0,0,0,0,0,0,0,0,0,0,0.0,0,0,0,0,0,0,0,0,0,0,0,0,0,0,0,0,0,0,0,0,0,0,0,0,0,0,
50,Manchester City,2010,39,DWLDWWWWLLWDDWDWWLWWWDWLDWLDWLWLWWLWW,19,18,13,2,4,7,7,4,55097,,13,10,8,8,11,4,0,0,3,8,4,2,8,9,3,0,17,9,100.0,28,9,15,22,10,27,4,33,1,36,0,0,0,0,0,0,0,0,0,0,0,0,0,0,0,0,
52,Crystal Palace,2010,39,,0,0,0,0,0,0,0,0,26309,,0,0,0,0,0,0,0,0,0,0,0,0,0,0,0,0,0,0,0.0,0,0,0,0,0,0,0,0,0,0,0,0,0,0,0,0,0,0,0,0,0,0,0,0,0,0,
42,Arsenal,2010,39,DWWWDLLWWWLWWLWWLWDWDWWWDWWDDDWDDLWLL,19,18,11,4,4,8,4,6,60383,,13,9,11,14,4,16,2,0,4,5,8,8,7,9,1,0,13,6,100.0,31,6,22,15,11,26,4,33,1,36,0,0,0,0,0,0,0,0,0,0,0,0,0,0,0,0,
33,Manchester United,2010,39,WDWDWDDDWWWDDWWWWDWWDWWWLWWLLWWWDWLWD,18,19,17,0,1,5,4,10,76212,,10,9,14,8,14,16,2,0,5,2,5,7,8,7,2,0,15,5,100.0,32,5,24,13,10,27,4,33,2,35,0,0,0,0,0,0,0,0,0,0,0,0,0,0,0,0,
46,Leicester,2010,39,,0,0,0,0,0,0,0,0,34310,,0,0,0,0,0,0,0,0,0,0,0,0,0,0,0,0,0,0,0.0,0,0,0,0,0,0,0,0,0,0,0,0,0,0,0,0,0,0,0,0,0,0,0,0,0,0,
45,Everton,2010,39,LDLDLDWWDWDDLDLDDWDLWDDLWLWWDWDWWLDWL,18,19,8,3,7,4,7,8,40569,,5,6,13,7,6,13,3,0,6,11,5,5,10,5,0,0,8,9,100.0,28,9,17,20,3,34,1,36,1,36,0,0,0,0,0,0,0,0,0,0,0,0,0,0,0,0,
39,Wolves,2010,39,WDDLLLLDLWLLLLWLWLWLWLLLWLDWDWLLDLDWW,18,19,8,6,4,3,13,3,34624,,7,6,9,8,5,10,0,0,5,11,11,13,6,11,5,0,5,10,100.0,27,10,10,27,6,31,1,36,0,37,0,0,0,0,0,0,0,0,0,0,0,0,0,0,0,0,
65,Nottingham Forest,2010,39,,0,0,0,0,0,0,0,0,30576,,0,0,0,0,0,0,0,0,0,0,0,0,0,0,0,0,0,0,0.0,0,0,0,0,0,0,0,0,0,0,0,0,0,0,0,0,0,0,0,0,0,0,0,0,0,0,
57,Ipswich,2010,39,,0,0,0,0,0,0,0,0,30311,,0,0,0,0,0,0,0,0,0,0,0,0,0,0,0,0,0,0,0.0,0,0,0,0,0,0,0,0,0,0,0,0,0,0,0,0,0,0,0,0,0,0,0,0,0,0,
48,West Ham,2010,39,LLLLDWDDLLDDDLWLLDWDWLLDWLDWWDLLLLLDL,18,19,5,8,5,2,10,7,62500,,4,8,10,9,3,9,1,0,11,8,13,7,12,11,4,0,5,12,100.0,25,12,12,25,6,31,0,37,0,37,0,0,0,0,0,0,0,0,0,0,0,0,0,0,0,0,
51,Brighton,2010,39,,0,0,0,0,0,0,0,0,31872,,0,0,0,0,0,0,0,0,0,0,0,0,0,0,0,0,0,0,0.0,0,0,0,0,0,0,0,0,0,0,0,0,0,0,0,0,0,0,0,0,0,0,0,0,0,0,
49,Chelsea,2010,39,WWWWWLWDWWLWLLDDDLWDLWWWLDWWWDWWWWWLD,19,18,14,2,3,7,6,5,41841,,9,10,13,8,10,17,3,0,6,8,4,5,1,5,2,0,15,8,100.0,29,8,20,17,11,26,5,32,2,35,0,0,0,0,0,0,0,0,0,0,0,0,0,0,0,0,
76,Swansea,2010,39,,0,0,0,0,0,0,0,0,21028,,0,0,0,0,0,0,0,0,0,0,0,0,0,0,0,0,0,0,0.0,0,0,0,0,0,0,0,0,0,0,0,0,0,0,0,0,0,0,0,0,0,0,0,0,0,0,
746,Sunderland,2010,39,DLWDDDDDWLWDWDLWDWLLWWDWLLLLDLLLLWLWL,19,18,7,7,5,4,8,6,49000,,6,5,6,6,6,9,1,0,9,5,7,10,11,14,3,0,12,12,100.0,25,12,13,24,3,34,1,36,0,37,0,0,0,0,0,0,0,0,0,0,0,0,0,0,0,0,
